vin,price
5J8YD4H05LL032532,54732.87
KNAE45LC8K6050784,45390.79
5XYZGDABXCG149606,8838.40
1G1ZE5ST6HF197903,16838.58
KL4MMDSL6LB106699,26338.34
1FMJK1JT8KEA01413,47280.94
1FD8W3HT9LEC47909,55182.95
2FMPK4J93GBB49987,20230.00
3C63R3EL0LG264012,75222.95
1GC4YNE76LF322205,61281.44
5N1AT2MV9LC793052,25420.92
1FTEW1E57LFC48715,53243.49
4T1BF1FK6HU364073,17097.39
WA1BNAFY3J2034396,31680.30
JN1AZ4EH3LM822601,48009.72
2HGFC2F85LH559958,21923.32
1GTW7FCG7F1194269,22241.97
5NPD84LF0KH423636,13660.62
JTMD6RFVXLD006313,33675.37
1ZVBP8AM8E5295019,14090.28
WAUG8AFC1HN124613,27246.74
2C3CDZAG8LH161671,25948.96
1GYS4GKJ1LR252703,70673.07
1FTFW1EG3HKE07623,36066.11
2T2JGMDA8LC054405,37101.43
1C4NJRFB5GD637260,12026.45
2T2AZMDA5LC238064,53625.12
SALSF2D45CA739985,17118.56
1G1BE5SM6J7132706,17264.67
2GNALPEK3D6268320,13849.78
1GTG6CEN7H1256354,30361.86
JTDEPMAE0MJ128824,28762.12
5TDXZ3DC8HS823665,25764.58
3GNAXHEV2LS715210,27313.17
1FTEW1E58KFA74202,53178.87
JF2SJAEC6JH587372,20730.80
1GCRCPEC3FZ204659,23879.28
3N1CP5BV9LL530248,17770.56
1C6SRFJT5LN349440,49364.56
1HGCV3F98LA008563,30161.56
5YFBURHEXJP841333,14796.92
LRBFX3SX4LD122034,40385.35
KNMAT2MV0LP539291,27246.01
3LN6L5E99LR603888,40467.65
1GC1KXCGXBF101479,24012.04
2HKRW1H28LH404799,28089.69
WVWJK73C88E109527,4553.01
WP1AA2AY3LDA10339,81963.57
1FMCU9GD3JUC37330,17204.65
5TDGZRBH4LS516195,40848.13
JM1DKDC73J1324292,17656.95
JTEZU14R460079669,8851.93
1C4RJFAG1CC156277,16049.64
5NPD84LF2KH447940,13697.45
3GNCJPSB1LL217086,21994.95
2T3H1RFV8LW100922,32255.63
KNDJT2A59C7467334,9637.88
MAJ6S3KL5LC389546,23050.81
19XFC2F54HE057692,17811.30
ML32A5HJ1LH005040,14835.12
3CZRU5H78GM705981,15324.41
1G1105S37JU148349,20215.20
WDAPF1CD3GP202529,28076.58
5FNYF8H25LB014987,40656.59
JN8AT2MV1LW135927,26970.57
5J6RW2H29LL006349,28131.15
3FA6P0CD6LR218247,25060.90
3FA6P0H71HR260464,13733.11
LRBFX1SA7LD078885,37499.55
JTMWFREV8HD103530,21571.57
5N1AT2MV8LC797500,24163.49
1FTEW1E49LFB75063,56750.42
3KPC24A64LE126116,18004.61
3N1AB7APXJY267272,14561.00
1FMCU9JD6HUD02044,19802.36
1G6DM5RK2L0146138,38518.62
1FTEW1CP0LKE35998,36423.56
5N1AT2MV4LC777812,28939.67
KL4CJASB1JB637591,16556.30
2C3CDXHG6KH512439,24593.48
WA1BCCFSXJR006633,21948.20
KL7CJNSB7LB064077,19097.18
2G1WT58KX89176570,6541.96
KL7CJKSB5LB038267,19560.64
JM1GL1UM8L1522883,24049.47
2T1BURHE3KC238290,14876.59
19XFC1F73LE218425,24497.70
4T1B11HK7KU766185,21933.48
1C4BJWEG2GL181755,27449.45
1G6AX5SX4E0165115,21310.98
3C4NJCBB3MT505865,27536.40
5TDDGRFH4KS067490,31015.20
3HGGK5H48LM722669,19252.83
JM3KFBCM5L0794717,28942.09
1GT121C80BF210443,24116.65
4S4BSAFC0H3403427,20747.40
3GKALPEV5KL194348,21181.96
2GKFLTEK9H6239924,23130.63
WA1B4AFY5L2039430,70075.96
WDDZF4JB7HA266320,36276.34
3FA6P0HD2LR261038,22849.19
3C4NJCBB8MT518157,28922.60
1G1ZG5ST6LF153368,22696.67
WAUANAF48HN064854,25479.02
1GKKNULS2LZ231730,45911.26
3GCUKREC1FG302470,24140.20
2C3CCAGG3JH267597,20219.69
SCFRMFAW3LGL09248,47095.51
3KPA24AD1LE334136,17069.96
JTEBU5JR3J5561722,37628.00
ZN661XUS6HX222524,52715.32
1G1PE5SB8E7365819,8194.23
1FA6P8CF3K5152712,40584.94
1NXBR32E16Z701670,4877.89
1FMCU0G63LUB57011,29340.22
JF2SJAWC1JH428046,23620.88
JTEBU5JRXA5014351,11149.31
1D8HB58D14F142735,9888.69
JF2SKAUC2LH587595,33855.96
3GNCJLSB5LL310685,20773.85
1C4HJXDG1KW536391,32716.71
3VV2B7AX6LM003754,25757.46
3N1CN8EV0LL823779,17969.84
JTJBM7FX6H5155402,37822.51
7FARW2H59KE047828,31261.50
5N1AT2MT6FC914123,12921.75
KL7CJPSB8GB536739,15103.20
1FTEW1E52LFB96569,49848.90
5N1DL0MMXLC523921,54925.91
1C6SRFHT4KN517654,37175.47
JN8AT2MT8LW017131,24464.77
3FA6P0HD1HR376950,18911.30
2CNFLEEC6B6371378,9140.94
5J8YD3H30JL008902,33622.07
1FTEW1EG0GFA42711,34825.84
SALTY19454A839636,15919.83
1HGCV2F54LA024816,33596.76
1GTU9FEL1LZ324474,56009.18
JF2SH6CC4AH764464,9328.39
1GKKNMLS2LZ194825,43141.46
ZFBCFYDT0GP501036,18438.36
2G1FC3DD7B9209737,19585.77
1C4RJFAGXLC413856,40565.84
KM8J23A42KU895936,16712.87
5XYPGDA36LG679989,29322.72
4T1B11HK9KU191538,26541.86
1HGCR2F35HA130072,16771.29
3VV3B7AX6JM019888,20176.11
5NMS2CAD7LH178191,24575.71
KMHD84LF1LU003547,20398.64
3GCNWAEH2LG345507,28253.69
3KPF24AD2LE194278,18315.55
2HGFA16529H304781,7088.95
WBAWC73528E064392,13491.25
2T3DFREV7FW303208,17183.33
3HGGK5H85LM725063,18752.73
KL8CB6SA6LC457701,25083.65
ZACNJABB6LPL57668,21946.14
1V2NE2CA3LC211895,37174.03
1V2YE2CA1LC223427,39082.62
KL4CJESB8KB832869,19784.60
1N4BL4BV7LC214184,23424.50
1C4RJFBG7LC341397,38662.70
SBM22GCA3LW000602,219976.91
2T1BURHE2HC914723,13839.76
5GAKVCED2BJ314173,11457.90
3VWG57AU7LM011859,22479.15
4T1BF1FK9HU433922,16365.97
3GCPCREA1CG307365,16094.44
1C4PJLCB5LD648974,24824.45
5XXGT4L35KG337316,18068.55
1FMHK7D88BGA49099,9952.82
2T3DFREV2JW849858,24677.44
3KPC24A3XKE049417,13653.52
WBAJE5C33HG916082,44971.27
YV4A22RKXK1328826,40211.80
1GKKNPLSXLZ203854,42288.34
KNAE15LA8J6016124,26469.52
3HGGK5G40JM702222,14254.73
3GKALSEX2LL295756,32023.45
2G61M5S38H9162797,25524.77
1N4AZ1CP1LC301636,36998.68
1GYS4CKJ3LR301196,81821.06
1C4RDHAG9LC325044,35464.51
3GNAXKEV0LS509901,21217.53
5TDYZ3DC3LS022462,30883.95
1FTMF1C55KKD93241,26724.99
3GKALVEV1LL302213,36019.18
1GNSKTKL6MR113391,76392.93
KL7CJLSB3LB089594,21092.78
1FMCU0GD4HUC76952,18478.70
KMHD84LFXLU013154,20047.84
1FMCU0G60LUB38884,31833.91
W1K3G4EB7LW043784,31055.71
1FT7W2BN4LEE30414,50357.05
MAJ3S2GE1LC318058,21452.90
4S4BRBAC5A3322115,6960.61
1FMSK8DH3LGB65291,30518.49
1GKKNULS3JZ216487,29970.41
JTMWFREV3GJ065401,16256.98
JTDKARFUXL3118547,25136.04
1GTG5CEN0M1121956,30489.21
1GTG6EEN4M1120656,38569.83
KL4MMDSL3LB128451,25900.78
1GCGSBEN4M1112177,31187.41
2HGFC2F61LH502445,20366.35
1C6HJTAG9LL211320,39235.89
1GYS4HKJ6LR305921,80562.28
SADCK2FX5LA657046,60534.35
3GTU9DED7LG400857,56236.76
WMWZB3C53DWR35751,9268.94
JTDS4MCE0MJ056306,30399.02
3GCPCSEC9HG399891,44928.98
1ZVBP8CF1D5200328,23734.49
4S4BTAEC1L3252945,32856.19
3GTU9DED2LG252794,58731.92
JTMY1RFV1LJ022157,32769.01
1HGCV1F44LA105980,24831.37
1GTR2VE77CZ176967,17515.80
1FMSK8DH8LGC72059,36254.65
1C4RJFAG3LC398455,41254.46
1GYS4KKJ4JR203608,55725.42
KL7CJLSB8LB093124,22699.74
1FMJK1HT5LEA61964,56861.34
4JGDF6EE6FA614136,26812.74
1FTEW1EG2HFC28834,35466.96
4T1BF1FK6GU547858,15963.10
JF1VA1J69G9801307,22157.93
1FTEW1E54KKE09107,40198.67
SALCJ2FXXLH857046,44312.05
5TDGZRBH6LS044839,43993.86
KMHD74LF7LU948585,21218.17
5N1AT2MT2KC773691,19564.16
5FNYF5H24MB001924,37947.85
1FMJK1PT7LEA51387,66926.73
MAJ3S2GE2LC329442,21750.66
WDZPE7CC1E5864905,24082.87
1G6DT5RK2L0151245,48670.57
1FMCU0EG7CKB62719,9042.54
3N1AB7AP0KY293378,16351.17
1FMCU9G63LUA94531,32683.97
KM8K3CA54LU507861,29402.36
KMHL34JJ1LA011618,32050.42
1FM5K7B87FGB94484,14640.71
1GYS3BKJXLR180809,77472.01
1V2PR2CA1MC517542,37624.40
1C6SRFFT1LN359374,52985.49
1FTER4EH7LLA50477,38525.01
KNMAT2MT5LP525000,24301.75
SALVP2RXXJH269812,31938.43
2FMPK4G97HBC68828,26553.29
WDDZH6JB0LA723158,68392.90
3FA6P0H71GR305319,15910.40
WA1JCCFS9JR001659,27067.27
JTMBFREV7JJ745906,25763.47
JNKBV61F58M272594,8906.00
3GKALTEV9JL297280,23660.36
4S4BTAEC7L3261813,33835.01
19XFC2F68LE211855,22096.06
3N1AB61E77L717832,5274.30
1FADP3K24HL293835,14654.75
5GAEVAKW8LJ107120,40449.65
3VWCB7BU9LM072927,25222.13
1FA6P8TH8H5205429,22915.94
ZACCJBCT9FPB31569,14965.18
WMWXU9C03M2N29405,34837.00
1FTMF1C52KKD38391,25811.08
3FA6P0HD0LR107136,22119.43
5XYPK4A55LG702551,35804.74
2GKALMEK2H6153841,17580.24
1GYS4DEF6DR370284,20961.02
1GCUYGED3LZ338765,53130.37
1N4AL3AP4JC259489,16645.44
2B3KA33V79H582090,8887.51
1C4RJEBG0LC403880,40559.73
JN8AT2MV2LW137766,26459.25
KL7CJLSB4LB053655,19612.70
1GKKNRLS8LZ164712,39824.93
1C4RJFBG8LC385263,44289.36
1N4AL3AP8DC902723,9553.06
1C4RJFBG7HC873403,30372.63
ZARFAMAN1L7626473,39545.82
4S4BSANC0K3363214,28240.48
3GKALXEXXLL325390,30336.29
JNKCV64E68M120024,11007.24
JTDS4MCE9MJ055039,30523.72
1C4HJXFG8LW119803,44767.90
1HGCR3F96EA028656,14317.85
JTEBU5JR2F5255487,23722.95
JA4AZ3A33LZ011248,28186.17
1FMCU9H60LUB06309,32364.97
19UUA8F57DA009876,14591.84
WAUL2AF20KN051605,65690.66
1C6RR6FG5HS786504,26654.53
WDDUG8CB3FA199370,40290.21
3GNCJPSB6HL207144,16275.08
2HKRM3H77FH535286,15133.58
W1KWF8DB1LR593764,45319.46
1FA6P0HD6E5350536,12317.08
1FMCU9F66LUB58370,33416.55
1C6SRFFT3LN420451,52181.88
1FM5K8HT3JGA81030,35498.33
KL7CJPSB6MB306743,22951.92
JF2SKAGC6LH601705,28710.10
LRBFXCSA7HD040091,27051.17
KMHCT4AE7DU306757,7939.65
ML32F3FJ7LHF10642,16056.81
1C4RJFCT9LC277391,56500.99
1GNERFKW3LJ266408,37604.70
7FART6H89LE017708,33054.57
3N6CM0KNXLK701567,21178.81
1FMSK8DH2LGB49650,36129.30
1FM5K8GC4LGC71424,47295.06
JTMR6RFV9LD004039,32336.00
3VW2B7AJ9HM337288,14269.38
1FTEW1EG6LFB45464,42901.62
1FTEW1E50LKE57088,44268.92
3GKALTEV9LL297296,31973.55
KMHRC8A37LU045273,31508.50
1GKS2DKL0MR151251,82713.92
1FMCU9DG5CKB54768,10337.99
KL4MMDS27LB087121,26139.30
ZFBHRFBB7L6P33001,25871.60
KNDJP3A59K7021581,13037.22
1C4HJXDN4MW514564,47307.62
YV4102PK8L1612157,53970.32
ML32F4FJ3LHF07016,14365.02
1C6HJTFG2LL183112,41483.59
JN8AT2MVXLW133707,26970.57
1FTEW1E44LKE71664,45861.95
4S3BWAN66L3017155,28238.54
1C4PJMLN8LD655952,27191.98
2C4RDGCG8KR543456,18258.15
KL4MMESL7LB095525,31578.70
1FMCU0GD3HUD92336,16507.04
3GKALTEV9JL347790,24803.33
1FMCU0GX9DUB94249,11307.58
1C4RJFAG0LC384612,38322.80
5NMS23AD4LH141485,20269.32
4T1G11AK3LU997912,31360.12
1C6RREJT7LN306565,47490.37
2HKRW2H86LH667271,29786.42
1C4RJEBG3LC428434,40541.69
3C7WRSBJ5KG671246,74877.77
1FADP3K25JL252166,15251.22
1FMCU0G68LUB99514,31742.74
3VWGB7BU9LM072346,24246.30
2T3F1RFV3LC129544,33753.08
LRBFXCSA0KD105726,30690.15
1HGCS1B87CA018883,13078.04
1HGCR2F31EA165042,15072.28
1C4BJWEG9GL161342,30374.10
WAUHGAFC5EN106327,19118.77
5J6RW2H83KL004535,28949.43
WAUAFAFL5FN018643,18389.55
1FMCU9H67LUB62537,33140.63
1N4BZ1DP3LC306422,36789.75
3N1AB7AP3KY302767,16064.83
WAUGFAFC6FN003823,20686.26
JN8AT2MV4LW144394,26474.79
KNAFG526077119461,5386.77
2GNAXSEV0J6338269,21210.33
1C4RDHDG4JC114116,32309.15
JN8AT2MV3LW118269,27246.01
3C4NJDBB8JT115006,20883.46
2GNAXHEV3L6261175,23338.52
1G1ZE5ST6HF110470,17257.81
1N6AD0ERXKN796050,28643.16
JF2GTHSC8MH219700,29794.08
1GNSKBKC0KR375950,41459.80
3VW447AU7HM016301,24073.07
5FNYF6H91HB019712,31969.83
1N6AA1E52HN539548,33975.52
1GCRYAEF3LZ277213,44210.17
WDCTG4GB7KJ610086,33594.82
5J6RM3H93FL026416,17115.78
3C63RRGLXKG578653,69245.52
KM8R5DHEXLU171668,44741.60
5NPEF4JA1LH009848,26395.29
WMWXR3C06M2M91862,24560.46
19XFC2F65LE207343,21947.78
1C6RR6LT8GS101525,26199.23
1FMCU0H65LUA67065,31361.42
1C3CCCFB0GN189250,14885.37
1FAHP2F86KG115581,22586.98
3CZRU6H95LM729706,24349.49
1FMCU9DG7AKC79851,6941.40
5NMS33AD1KH039394,19820.47
2T3RFREV7HW686852,20609.92
1C4RJFBG6GC478580,28054.70
3GNAXHEV3LS677907,27921.22
KNDCB3LC5L5393726,26885.14
2T3RFREV0HW641865,21591.47
JF1VA1C63L9819406,35479.92
5NMS33AD9LH249467,26969.45
1GKKNLLS4LZ233621,47614.43
1C6SRFFT3LN409191,48710.11
SJKCH5CP8JA053694,23825.13
JN8AZ2NE8H9155255,41042.64
1C6SRFHT3LN332187,51475.04
2C3CCAGG5GH208740,21716.33
1GKS1AE00ER127102,23323.25
3PCAJ5M1XKF126338,27421.64
2GNALBEK4H1598327,17421.80
WVGBV7AXXGW593531,20461.01
2GNFLFE32G6100519,26771.90
WP1AB2AY2LDA28084,79965.15
2GNAXJEV5J6352520,22448.62
1N4AL3AP3HC223903,15680.90
1HGCP2F33BA077451,6693.20
1GYS4CKJ3LR124746,79218.55
1FMCU9GD7JUB45718,17679.18
1C6RREFT7KN745854,35938.73
KM8J33A21GU222297,18251.85
5XYZT3LB3EG145175,11943.27
2G4WS52J011212776,4616.73
3GTU9CED8LG346110,42996.81
2HGFC2F83KH514080,19978.58
3GCUYHED9LG427858,63065.58
JM3KFBCM1L0840740,29310.70
1FD7W2A68LEC50861,44096.95
WDDZF8DB9LA718022,49463.04
1C4RJFBG1HC885997,31047.02
2C4RC1AG0KR667885,26580.14
3GNAXHEV6LS657974,21265.62
1GKKNMLS2HZ272074,25846.01
1GCGTEEN7J1161674,30288.08
KM8J3CAL2KU948817,24777.97
1GNERGKW9LJ297362,36770.08
1FTER4EH3LLA54266,37413.12
1GNEVNKWXLJ186559,41273.99
5NPDH4AE8BH054115,8536.79
JTEZU5JR9F5095252,22542.56
4JGDA7DB3DA143880,19553.34
1FTFW1E48LKE27932,51519.26
1GCJK33133F209898,7536.14
WBAJS3C00LWW67189,59315.44
JTHG5LFF1L5011012,93936.66
KNDPMCAC7L7834596,27714.89
JTMP1RFV6KD516121,30983.13
1FMSK8DH4LGC81101,36228.46
JM1BM1L79G1308106,14363.56
1N4AL2AP3CN514151,11488.39
1FTEW1CP1LFB80562,40120.72
1FTER4EH7LLA08584,33520.25
3FA6P0LU7KR100710,21520.90
3FA6P0LUXLR267192,31691.65
SALGS5FE0HA342149,85567.37
2CNDL63F666126838,3524.15
5J8YD4H38LL036360,49987.97
4S4BTAEC9L3256516,33486.08
WBA3N7C56FK225516,20803.49
1FMCU9G61LUA90137,33781.22
5TDDZRBH5LS019269,42765.41
1G1ZD5STXKF161111,15985.50
1N4BL4BV2LC266547,20494.25
2FMPK4AP1JBB81780,28143.69
5FNRL6H56LB065653,39659.36
NM0LS7F28L1454985,29324.46
5NMS53AAXLH252961,37213.28
1FA6P8CF8G5229985,32523.52
2FMPK4J99LBB09293,40315.67
1G6DS5E31D0176835,13302.22
1C6SRFHM1LN415075,45803.68
ZARFAMBN8L7630941,38869.67
KNDPM3AC3M7856600,26123.51
1C4AJWAG4FL538899,21057.72
2C3CDZAG0KH669602,33175.09
1GC4K0E80GF224273,47985.82
5J8YD3H80LL008932,50351.87
1FMCU9H96LUA35188,33853.63
4T1FA38P28U157362,5882.88
4T4BF1FK6GR555433,13806.08
KL79MSSL9MB024321,28800.39
1FMSK7DH6LGB38709,32198.26
JN8AT2MV3HW250116,19917.92
1FTER4FH6KLA82205,36231.17
ZARFAEEN9H7544191,26626.24
JN1EV7ARXHM835110,26980.12
WBA5U7C00LA234682,55289.24
1FTEW1E54LKE78333,51528.01
1C4PJMDX8KD463574,27741.49
3C6UR5FLXJG216707,69244.75
5N1DR2MM3HC662404,22171.36
1FMCU0DZ2LUC07315,31853.54
1FMCU9F61LUB85749,34220.35
5N1DL0MN4LC500434,41674.07
2C3CDXGJ5JH237142,43977.96
3C6UR5FL7LG147011,77779.26
5J6RE48388L049059,6865.92
1GCRYDED5LZ201976,39769.68
1HGCV1F33LA049439,26063.45
2FMPK4K95KBB89012,26665.14
4S3GKAV65L3612080,24231.12
5FNYF6H07MB011903,43764.78
1GYKNCRS3HZ197490,27333.51
3VWEF71K07M138834,4657.03
SAJWJ0EF8E8U31846,21470.22
4T1BE46K57U508831,4513.37
1C6RR6LTXDS698981,16222.46
3GKALPEV4KL253065,20006.53
5XYZT3LB9HG493048,18381.16
KL8CB6SAXLC479653,24958.09
5FNYF4H54BB042460,9605.96
SALCR2BG8HH704929,30194.59
5XYPG4A3XHG267534,18014.99
1FTEW1E46KKC81881,45681.02
1C6HJTFG0LL216592,41109.23
1FADP3FE9JL307271,14694.30
1FMJK1MT4LEA61475,74473.88
W1N4N4HBXMJ162310,43851.55
JM1GL1XY9L1524334,36675.84
1FMSK8DH0LGC39721,37576.68
2C3CDXCT8JH290036,34943.20
3KPA24AD8LE336692,15372.44
WDDZF4JB7HA257178,33451.41
3KPF34AD1LE261675,32451.32
KNDJH741095035808,7393.27
JN1EV7EK9HM362040,29164.77
1VWBV7A36FC046240,9952.78
5NPD84LF9LH595858,18902.90
1FTEW1E51KKD51151,45447.18
5J8YD4H39LL036237,50852.22
JN1BJ1CP2HW020346,17744.61
WMWXJ1C07L2L90243,35022.56
1C6RR6FT1FS635329,23227.79
1FADP3FE3HL283057,17199.49
5UXCY4C02L9D43435,78731.29
1C6RRFJG5KN729037,33946.84
4T1M11AK5LU373161,31814.03
1C4RJFJG3LC436010,51537.61
19XFC2F62LE212547,21236.63
2GNFLHEKXF6133348,17459.83
2C3CDZBT0HH613745,33193.93
1C6RR7MT7ES359455,21135.58
1GKKNXLS7LZ119409,48039.23
1FMCU9G6XLUA90136,33352.95
1FM5K8HC3LGA82648,41722.63
5NPD84LF0LH619626,20273.55
WBAJA7C32HG906876,30947.32
1FMJU2ATXKEA50984,47851.45
2G11Z5S3XK9134899,23102.12
1GTW7AFG5L1254155,42995.93
3KPF24AD5LE164787,19185.45
5FNRL6H79JB024156,28741.29
WUAWAAFC2HN904268,73710.38
3GNDA13D88S598868,6291.23
5FNRL6H55LB073162,39075.08
2T3P1RFV1LC090618,32428.22
2C3CCAAG6GH358378,18354.37
5N1AZ2CJ6LN158579,35524.81
KM8J3CAL5LU280626,30548.11
4JGDA5HB5HA907488,37038.59
JN1BJ1CR3HW136110,19831.71
2HGFC1E51JH702872,20765.03
1FTER4FH7LLA24492,37735.07
W1KUG8JB7LA562722,113025.42
1HGCV1F36LA115174,25440.29
1G1BE5SM3K7122152,17528.50
KM8J2CA46LU240129,24631.89
5GADV33L86D116737,3989.75
1FTEW1EP2LFC56030,50957.20
5N1DR2AN3LC613659,30802.67
5UXKR2C31H0X07151,40568.66
5YFEPRAE4LP054587,24418.12
1C3CCCBBXFN702850,14613.34
1FMSK8DH6LGC88020,37721.17
1HGCV1F34LA126173,28228.93
2T3BFREVXFW378458,14636.93
1FTEW1E49LFC72957,63182.31
1N4AA6DV1LC379433,33880.27
3C6UR4CL7KG517841,73870.60
5FNYF6H53HB052255,31080.32
3C3JY45X77T604950,6673.15
1G1ZH5SX5GF267058,21157.70
1FTER4FH2LLA63166,37577.23
1FAHP60A72Y114422,14220.13
W1N0G8EB6LF815401,50273.47
3FA6P0HD7JR167752,16402.46
1J4AA2D15BL528726,13567.89
2C3CDXL9XJH113007,88369.35
3N63M0ZN4GK692683,11924.97
1FM5K7D87EGC10016,14089.81
1C4PJLCB5LD634380,22780.77
4S4BTAEC3L3265678,31300.49
3C4NJDCB5LT234195,27935.14
5GAERBKW5LJ201675,41926.16
3C4NJDBB1MT506891,27876.11
3KPC24A66LE126666,16640.62
2GCEC13T361147340,21424.57
4S3BWAC61L3013761,24220.25
3GCPWBEK2LG202308,37499.39
WA1VWBF72LD013408,52007.86
3C4NJDBB0LT239516,25830.86
5YFBURHE1JP745249,13532.11
1FTEX1EP8LFC05659,37781.65
5XYPG4A51LG693770,31611.44
1C6HJTAG8LL126470,39908.09
1GYKNBRS8HZ119880,25343.74
1FA6P8TH7L5172870,29632.84
1GCRYEED1LZ293948,45257.93
1GNSKHKC9KR140689,38629.30
JTNK4RBEXK3021073,21209.26
W1K2J5JB9LA074234,78877.64
KL4MMDSL9LB110018,26025.50
3MZBPBCMXLM131367,26141.70
1GNSKHKC2LR284618,48827.07
1C6SRFFT0LN398473,50954.94
3C63RRJL6KG602116,71528.12
JM3KFBCL4H0105524,23497.61
JTHCL5EF8H5029354,41394.17
1G1FJ1R65K0155160,101852.87
ZASPAKBN3L7C75185,47092.23
KL7CJKSBXLB330710,18056.82
55SWF4JB4JU256093,32249.90
5FNYF5H58MB003220,42281.63
KNDMC5C1XM6661211,35917.77
3GCUKSEC6EG316029,16972.04
JM3KFBBM4J0467563,21505.11
KNDJN2A22J7574383,14399.35
3VWG57BU1LM078987,21870.77
KMHD84LF9LU099377,19171.87
3GNAXJEV9LS600434,27324.22
2LMPJ6K93LBL28767,48574.46
1FMSK7DH2LGC89739,37268.07
LRBFX3SX1LD019797,41476.37
1G1PA5SG8E7195310,8611.25
WDDHF8JB7GB244698,23697.34
5N1DR2MN0KC627917,27091.24
2HGFC2F51JH502840,18459.41
3C4NJDBB0LT209917,29976.35
3N1CN8DV3LL884206,17730.51
1FT7W2B61KEC41033,69728.28
JN1BJ0RR8HM402377,28211.81
1FMJK1KT0KEA28104,46881.07
1GNERHKW3LJ303887,38689.83
WP1AA2A50JLB12223,35353.05
1GTW7AFG6L1254391,43220.73
3LN6L5MU0HR650899,19819.09
1GTG6FEN9M1100246,39371.73
3KPF24ADXLE202871,18090.41
3VV0B7AX0LM163586,30350.40
JH4KC1F5XLC000260,51312.07
5N1DL0MN7LC538692,46946.10
1FTEW1E51LFC52078,48864.23
1C3CDFBB6GD624783,12040.71
1C6SRFLTXLN378610,51894.08
1V2LP2CA7MC519915,38518.71
1C4NJRFB2HD195474,19352.40
1FTEW1E44LKD11509,39670.62
3FA6P0T97HR173435,26198.95
5UXWX7C52BLT78598,16857.64
KL8CC6SAXLC479004,26773.92
1FMSK7FH2LGB47159,32416.87
JM1BPBLM0L1165673,26048.61
3C6UR5DL5LG104631,76176.86
1FTEX1CB4LKD47540,32729.41
1FM5K8AB1LGD08994,35923.37
5NMS2CADXKH087656,19217.52
ZN661YUS5LX346136,77413.01
KL4MMDSL4LB115045,24103.81
4T1G31AK4LU542030,31361.98
1GYKNDRS4HZ214514,30855.22
JF2SH6DC7AH795044,7301.79
JM3KFBEY8L0853873,36954.57
3LN6L5A99HR647886,21626.45
2C4RDGBG4LR231816,32321.10
2GKFLVE30G6212727,22280.74
4T1BD1EB6FU038231,14506.08
NM0LS7E21L1439276,30370.56
1FTEW1C59LFA41942,49136.83
5XXGN4A75FG426387,13913.89
KL8CD6SA2LC479754,26680.67
1GNERJKW8LJ289945,39571.47
KNDEUCAA4M7120450,26090.82
1FTEW1CP2LFB51068,38666.75
ZACNJBAB4LPL47969,22862.45
1FTFW1RG9JFE71223,34198.33
1FTNE1EW6ADA63589,12503.04
4S3GKAV69L3607206,23974.48
2C3CDXFG0HH529507,22368.39
JM3KFADM0J1388232,19608.66
3GTP9CEK9LG398129,38865.53
4S4BSANC1K3370446,29207.40
5UXKR2C5XE0H33988,17901.83
1GNERFKW8LJ276058,38526.22
3GTU2UEC8FG444673,28796.70
19XFC1F74LE209068,25680.29
WBAVC73528KX90475,7347.10
2C4RC1BG2KR597059,25319.58
1FTER4EH9LLA44812,37739.35
2C4RC1FG0LR264094,40198.88
1FTFW1RGXLFC75195,43384.30
1FT8W3BT7BEC44048,25955.45
1GTG6DE33G1317430,27010.56
1GNSKCE04BR240946,15848.04
1N4AL3AP0HC472577,16729.14
1G1ZB5ST6LF136553,23687.62
1C4PJLLB0LD640491,24363.44
3C6TRVDG2LE127794,50701.19
1C4RJFAG8HC814880,28420.45
1FTEW1E4XLFC83983,46023.58
JM1DKDC72H0163157,15125.37
1GAZG1FG5E1183872,23299.24
2C3CDXGJ3LH202666,48215.95
WDDWF4KB2HR282850,30412.64
1FM5K8D84DGA28875,14291.95
W1KZF8EB3LA827834,55504.46
3C63R3CL8LG232721,76344.57
3FA6P0PU6HR276781,17856.39
2T3BFREV2FW335958,15413.31
JTDEPRAEXLJ022019,22330.34
1FMJK1MT3LEA37832,74473.88
1N4BZ1CP1LC304976,37153.06
5NMS23AD1LH272745,27334.01
1G1BE5SM6K7145148,17069.31
3D3HA18H85G820143,10439.63
YV4BR0CL5M1672153,75919.47
3PCAJ5M36LF113346,47658.19
5J6RW2H52LA016517,29085.14
4JGFB8GB0LA272830,109007.35
4T1BF1FK6HU731585,16086.20
1FM5K8GC4LGA32214,46762.50
1FBZX2YM7KKB05314,30634.51
KM8SC73D05U866624,5937.01
SAJAD4FX9JCP26462,25442.03
1FTEW1EP6LFC20728,45598.28
5TDZARFH9KS043659,21472.27
1C6RR7LG6JS147516,31154.57
5FNRL6H90KB078173,42995.05
3VWCB7BU1LM066412,19820.59
NM0LS7E22L1472190,29715.03
W1N4N4HB4MJ152551,44769.62
19XFB2F53EE205264,11406.21
1G1ZE5STXHF125733,16788.93
2T1BURHE1EC020191,11852.07
YV1960BW2A1153105,6764.31
3N1AB7AP4HY348987,16567.85
1FTYR10D53PA91554,4385.96
W1N4M4GB3LW015994,41924.87
JTNKARJEXJJ566243,16461.77
2T3BFREV7HW571590,20693.48
KNDMB5C19H6309696,23890.63
1FTEW1E59LKD74100,51116.33
5J6RW1H98LL009928,29924.22
1GNEK13T35R259149,8460.91
4S4BRBKC3D3301993,8976.74
1FTER4FH1LLA35018,36442.21
3VW6T7AU3LM014050,30956.49
1G6AA5RA7G0181038,17280.01
1FMCU0H65LUB12697,31455.84
1N4BL4BV7LC229493,20225.60
1GNSKBKC4HR319129,40818.99
3GNKBJRS7LS693943,45101.33
LRBFXBSA5HD179081,24366.39
1FT7X2B63LEE14498,51000.78
WMWXP5C33H2G60501,15492.36
YV4162UMXM2407486,43948.83
1FTFX1E49LKE53842,41603.35
3FA6P0K9XER323325,10519.73
W1N4N4HB1MJ114369,44676.76
1J4GL58KX6W141344,6014.17
1FA6P8TH1L5129464,29668.67
1J4BA3H18BL529308,20208.96
1GYKNBRS5HZ109064,29295.66
5J6RM4H77GL032418,19522.94
NMTKHMBXXLR113277,24457.21
1G1ZE5ST1HF285306,15838.25
LRBFX3SX7LD156548,43434.13
2G1WT55N181264369,6886.70
1FTEW1EG0JFE73640,34105.23
1C4PJLDB5GW200422,14524.70
3VWCB7BU4LM068512,20357.91
KNAS24J63L6021226,65326.30
1C4PJMBXXKD298517,25156.32
3VWRZ71K39M170057,5150.20
5XYPG4A58KG559532,20365.08
2GNAXHEV3L6196974,22686.46
MAJ3S2GE7LC331980,23200.01
3GKALMEV0LL132047,31041.63
1FM5K8GC7LGB71429,38414.03
5FRYD3H30HB008828,30126.12
4T1BF1FK4HU757263,18850.95
1V2DR2CA1JC546814,22504.92
YV1102EM9L2374847,43234.70
JM1GL1VM2L1522389,25504.22
1GNEVHKW5JJ107247,32048.80
3C4PDCAB2LT243580,22024.96
1GNEVJKW2LJ226190,49650.14
1J4BA5H18BL520524,20005.98
1C6SRFHT4LN383391,58329.30
JTJDARBZ1L5012676,44495.70
1C6RREFT2LN405951,43946.17
5NMS33AD3LH236701,27916.58
KM8K2CAA9MU604085,22684.36
JM3KFBCL3H0160482,22060.94
WAUHMAF44LA048426,40689.11
3FA6P0T90LR165041,39372.72
5TDYZRAH6LS027447,42082.93
1FTFX1EF0DKD63059,17307.99
KMHDH6AH6EU028639,11174.93
3C6UR5SL8LG202135,76701.26
5UXZV4C53D0E00844,16994.97
JM3KFABM3L0859561,27168.31
MAJ3S2GE3LC341745,21386.90
4T1B11HK6KU234975,22200.19
1GCHC29638E135467,20974.60
KNMAT2MV4HP537373,17660.01
KNDJP3A54H7501021,15689.23
19XFC2F54HE070264,19477.95
3VWDX7AJ2DM424955,8599.23
3GTU9DED3LG434763,55879.82
3LN6L5LU6LR620025,28006.93
4T1B11HK6JU158351,26900.61
5N1DL0MN1LC505963,50304.35
1N4BL4BV4LC202929,22142.04
WBA8E1G34HNU17532,25147.02
5FNRL6H75KB118942,35279.72
1C6JJTBGXLL196262,52770.07
2C3CDXHG8HH536881,21280.54
2HNYD28458H516995,8146.78
3FA6P0HD8FR224063,14305.69
5GAERBKW1LJ273845,38363.51
3GNCJLSB9LL257537,22639.04
5LM5J7XC2LGL24535,45997.95
7FARW2H99LE006703,31764.46
1GYKNBRS6HZ243355,29871.22
JM3KFBDM8L0842466,31618.19
1G1ZD5ST7LF132618,23852.07
3GTU9DED9LG435562,57475.49
JTDBL40E09J016189,7804.82
2C4RDGBG3JR244991,29199.59
5N1AT2MT1LC786286,27506.18
1N6AD0ER5KN775431,28475.29
KL4CJESB0JB578864,17269.15
KNDPM3AC4M7866780,25974.78
1HGCV1F17LA114419,25874.56
3C4PDCGG3HT677775,16192.46
1FTPX14V69KC90140,10752.41
3C4PDCAB4LT219152,22342.81
5GAERBKW3LJ279310,39059.49
3VWCB7BUXLM074749,24924.49
1C4RJFBG8LC386672,41985.49
5TFAZ5CN9JX056025,34855.85
3C4NJCBB2KT685952,21546.31
1GTG5CEN5L1118484,34341.02
3VV2B7AXXLM168268,30259.54
1D8GT28K89W542725,10311.47
1GYKNDRS0HZ313525,30708.48
1FTEW1EP0LFB03937,51558.83
1G1ZD5ST0JF106813,18044.36
JTEBU14R968068797,9845.76
3FAHP0JA5AR430989,6646.50
1C6SRFFTXLN359342,54161.55
JTHHA5BC8H5005321,27694.06
1GCGSBEN6L1250107,29855.81
3HGGK5H42LM725535,17958.32
JN8AY2NC1J9553477,34506.44
5GAKRDED6CJ259898,12572.47
3FA6P0G79LR233328,29847.08
5TDZA23C75S365530,5914.18
5LMJJ2LT1LEL15540,88902.99
1N6AD0ER2KN775614,27658.24
KL4CJESB4LB029218,25831.49
1C6RR7GT0FS624987,24053.55
1C4HJXEN7LW232383,46407.23
58ABK1GG7HU071118,29463.27
1C4RJFAG9EC415049,16236.64
1C6RREHT3LN374013,54166.08
3LN6L5E92LR619740,39769.61
1C4SDJCTXLC432431,49449.53
5NMS53AAXLH249512,38526.90
KMHRC8A31LU022801,18207.62
WBA8A3C57JA494939,27636.26
KNDPBCAC6E7642305,12479.19
4T1M11AK8LU387507,31667.34
1G6KD54YX2U253061,9824.68
1GCRYDED6LZ365012,42225.97
5NPEH4J28LH013544,31230.79
5N1AT2MV1LC800480,28256.74
3GTP9CEK7LG377439,41132.07
KL7CJNSB7LB319231,19482.41
JHLRD68454C013677,4287.59
WAUBEGFF3LA061966,36797.87
2FMPK4K98LBB15830,34660.51
19XFC1F32LE217652,24884.15
3VWCB7BU8LM074183,24065.74
1N4AA6AP9HC403720,22681.80
2C3CCAEG5KH533559,23015.30
1VWBT7A3XEC098409,11668.49
5FNRL6H9XMB008800,42453.20
1C6SRFFT3LN349008,52209.05
1C6HJTAG6LL186554,38559.21
JTMDJREV0GD004754,17654.99
3GCUYDED6LG299295,45802.54
1FMCU0GD9HUE03422,16577.36
JM3KFBCM1L0857750,29071.43
KNAFX4A88F5266053,12678.62
KL4CJCSB4GB574104,14527.13
3N1CN8FV9LL803979,14807.53
KNAGT4L35G5071336,15744.01
3CZRU6H55LM732716,25537.81
JTDEPMAE2MJ124502,28344.07
3GCUYEEDXLG433120,39898.51
WA1LAAF78HD006096,33282.03
KM8J33AL4MU284393,27962.08
2T3RFREV9FW363979,14592.16
KM8J33ALXMU329448,27667.85
2C3CDXBG3KH657575,23120.23
5LMCJ1D92LUL22864,47103.06
1FM5K8D83GGC88706,17357.20
2T1BURHE7JC118734,15351.88
5FNYF6H32MB007364,42508.48
3MW5R1J03L8B15859,47175.55
1C4NJPBA2GD813957,13200.29
JN1AR5EF8BM240318,42070.38
2C4RDGCG3DR651311,10705.05
3CZRU5H1XLM716048,22457.86
1FTFW1RG7LFC66891,43353.79
MAJ3S2GE6LC312420,21865.26
1FTFW1E50LFB54387,54804.75
3VWN57BU7LM076961,21032.21
JM1GL1V52H1152187,18085.24
KM8K2CAA6MU613603,23150.34
1FTER4FH3LLA56274,36379.00
1FTFW1ET8EKG53687,17091.09
3GCUKSEC6EG389188,18077.54
5NMS5CAD9LH258521,29559.85
5LMCJ2C98LUL23119,39621.99
ZACCJABW0GPC81707,12712.92
1C4RJEAG4LC116155,34840.48
5TFDW5F11KX835399,45301.94
2C3CDXBG1LH195566,27872.48
1FMCU9G61LUB95938,33946.20
3TMDZ5BN0KM061765,37430.13
1FATP8FF5K5204629,41213.96
WAU8SAF84LN005867,115386.46
KL7CJKSB8LB037209,18653.19
1FM5K8GT5HGB85658,36327.98
JTDKN3DU4C1500699,9336.29
2HKRW2H51KH651273,29393.66
1C6RREJTXKN549379,40341.41
KM8K1CAA9MU626008,21581.89
SALLDVAF8TA979815,9131.19
JM3KFACM1L0866006,27295.84
3FA6P0G78LR222353,29913.80
JN8AY2NC1K9583886,35794.69
2GNALCEK7H1579065,18135.88
1C6SRFFT6LN391625,47845.69
KMHH55LC3LU139264,25787.69
1N4BL4EV5KC117107,19021.55
1GNFC26J49R234901,12591.63
3VWDB7AJ9HM339986,14183.09
1FMCU9GD0JUA08023,16700.87
JTDP4MCE5MJ059160,31245.77
3C4PDCAB4LT182359,23721.80
WDC0G8EB6LF710150,45821.94
2HGFB2E54CH515508,7981.39
5FNYF6H77GB073951,23585.24
2G1WT55N189282002,4891.34
3GCUKREC6FG269885,28656.55
3FA6P0HD2LR258608,20774.54
1N4BZ1CP6KC309654,29009.86
1G1ZE5ST2HF167989,17250.95
1FM5K8DH3JGC04651,26023.14
1FTEW1EP8LFB31002,49266.63
1C3LC66K48N218624,6006.52
3VV0B7AX1JM069892,22797.77
SALZT2GX7LH101631,50921.20
3C6UR5CL2LG147146,78738.97
KL4MMDS28LB126055,25900.78
1C6JJTBG2LL214690,52472.69
1C6SRFKT3KN563601,42502.76
1FTEW1E44LFB80350,44707.18
5XYPGDA32LG669489,27759.00
1C3CCCAB7FN726136,11539.48
JF2SJAGC3JH581588,23304.58
KL7CJLSB6GB762528,16230.30
2C3CDZAG8LH199157,27069.53
1G1ZB5ST1HF284861,15762.60
5N1AZ2BS2LN105016,27353.18
3C63R3JL2LG212161,75514.73
1V2TR2CA1MC525865,39720.23
WBA3A5G5XFNS91821,19523.73
5J8TC2H62LL018156,45670.88
KM8J3CAL8MU301759,29823.38
JM1GL1VM5L1521429,24453.89
NM0LS7E27L1454123,30195.85
5GAERBKWXLJ117805,30949.13
KL7CJPSB0JB726820,18037.46
JN1BJ1CW6LW372667,24854.99
3KPA24AD3LE322280,15313.07
1FMCU0G6XLUA24665,31560.44
5FNYF6H50MB020874,41049.24
1FMCU0GX0FUA38328,13228.90
1C6HJTFG6LL206410,43843.06
5FNYF5H57MB004231,39111.90
1FMJK2AT9LEA65676,69638.22
5TDYK3DC2FS559591,15756.41
3GNCJKSBXLL188707,19925.92
1GKKNRLA7HZ259745,27336.92
3GNAL2EK7ES600281,12403.06
WA1AECF38L1113292,37972.98
LRBFX1SA8LD048407,37951.28
2T2HZMAA0LC178200,53293.80
3TMDZ5BN7HM021823,36807.99
KNDEUCA28M7062657,27396.69
WDD3G4FB0LW038750,39685.75
WP1AE2A28HLA74390,27997.46
JF2GTHSC8MH209765,29952.37
JTHBE1BL9E5029593,19332.58
KL8CB6SA7MC704192,27165.98
4T1B11HK9JU100802,20993.39
5NPD84LF7LH606663,22289.37
WBS4Y9C01LFJ78875,67635.05
5FNRL6H74MB007737,41159.94
1FM5K8HC7LGA89991,42139.33
5N1AZ2MGXHN178733,22981.82
5TDBBRCH3LS500342,36181.06
3MZBN1V7XHM135126,19011.36
3CZRU6H52LM731443,25401.43
KMHDN46D75U147402,7088.68
1GYFZER42LF150514,44685.28
1GNSCCKC9JR117802,51623.99
1VWCA7A37LC009340,25755.71
1GC5YLE77LF316843,60614.88
JF2GTABC0M8212067,25631.67
1GCVKREC8HZ390635,31087.66
WDDGF8BB2BR147368,10419.14
5XYP5DHC3MG116833,44460.94
WBAJA5C35HG897613,31699.87
1FM5K8GT9KGB26264,33490.34
1C4RJFBG6LC396469,39970.98
2C3CDXHGXLH190342,29238.33
5J8TB3H51HL019662,24304.21
KM8J3CA48HU526536,18749.19
WBA7T2C03MCE92945,85717.48
1FTEW1E4XLKF14016,46031.11
4T1B21HK4JU005089,25319.04
5YJSA1CN1DFP05500,17754.68
5NPE24AF7FH085201,10519.44
3GKALTEV6LL336149,30911.64
1FMCU9BZ8LUB90012,33967.59
2FMPK4AP6KBC74408,39045.30
JN1EV7AP7KM542125,35804.85
JN1BV7AP2FM355738,17036.55
1C6SRFBT1LN417098,42650.12
4S4WMARD2M3408042,45099.07
1FTER4FH2LLA45282,37472.64
JN8AZ2NEXL9254197,73355.96
JTEBU5JR5K5661144,33307.50
WBAPM5C56BE576878,15229.11
KNADM4A3XG6547044,13381.92
3N1CP5DV5LL533502,20846.35
3GNKBJRS8LS721118,40143.01
1G1JA6SH8D4189107,8252.74
1C4NJDEB6HD191786,20630.91
5YFBURHEXKP874978,15667.50
3VWG57AU6LM012694,20682.66
JTEBU5JR8J5500303,30017.92
JN8AZ2NE5K9232302,44594.11
3VWCB7BU9LM075522,24924.49
5FNYF6H03MB000123,46964.74
1FA6P8TH4L5171451,29760.15
1C4RJFBG3EC376456,18977.79
3KPFL4A7XJE224227,13720.33
KNDJN2A21F7772122,9636.23
4T1G11AKXLU988169,31055.71
JN1AZ0CP0CT025084,11882.97
1FMCU9G6XLUB04729,33269.47
1HGCV3F10LA016599,30762.59
1GNSKJKC4LR123565,75174.68
1FMSK8DH9LGC39071,37586.02
W1K3G4FB0LJ222664,37873.32
KM8J33AL2MU325443,27698.20
3FA6P0HD6LR169043,22838.22
1C6RR6GTXLS138872,46343.76
3VWCB7BU7LM046715,24269.83
3N1AB7AP0DL656567,11727.40
1C4PJLDB0KD415999,20607.74
WAUBJAFM4BA128922,10923.09
LRBFXBSA2LD112785,36211.33
1GCHSCE37G1378127,25204.11
1HGCR2F15HA175687,19203.35
3D4PH6FG0BT515314,10345.56
3GSCL53729S632650,8637.11
ZACNJAAB0LPL85743,25121.63
1HGCV1F30LA125800,25731.18
WBA4Z1C57JEC59352,27401.47
1FTEW1C50LFB05494,40386.48
JM3KFBBM9L1796109,30483.83
5GAERBKW4LJ262371,39020.23
1FMCU9G66LUA85578,33829.79
1C6SRFMT8LN382721,45930.55
KL7CJNSB5LB333337,19525.34
3VWN57BU5LM060158,22750.84
JN8AZ2NE1K9231132,45178.92
JF2SJAFC7GH455177,14966.86
2GNALCEK4G1137116,13106.24
1HGCR2F30HA128486,17138.83
1GKKNULS2KZ262412,31896.19
1VWCA7A30LC022298,25271.85
JM3KFBCM5L0810477,29071.43
2T2HZMDA1LC243812,53625.12
1G4GF5G38FF198077,16628.46
3GNAXKEV0LL283904,22387.06
JA4AT5AAXLZ037339,31171.35
5XYZUDLB2JG507199,20338.38
1FTEW1E45LFC53161,50796.45
3G1BE6SM0JS547561,17935.34
3GKALPEVXJL368106,19627.26
5XYPKDA52HG232390,26182.30
1HGCP2F86BA034329,8645.65
1C4RDHDG2LC441634,37622.81
MAJ6S3GL5LC369290,22554.26
WBA8E5G33HNU43417,25554.27
1GCPYBEH1LZ305895,39140.81
5YFBURHE2JP783167,15329.79
1C4PJMDB1GW120170,18944.65
1FMCU9GD9HUD77649,17060.99
2C3CCAAG0KH755934,31562.50
1C4PJLLB7KD469978,29919.60
5N1AT2MV4KC796343,24625.42
5LMCJ2C93LUL13128,40880.68
1FA6P8TH6J5165373,27541.96
JTJBM7FX2J5188225,38883.81
4T1G11AK5LU978262,31589.88
1GNSKJKJ1LR182832,75900.60
5XXG24J21MG009732,28956.06
1V2WR2CA0KC535331,21516.62
19XFC1F39LE005766,23371.79
1G1BC5SM6J7228194,19266.27
5GAEVCKW7LJ296760,51326.63
4S4BSANC2K3282666,29527.29
WA1LJAF70LD012774,60762.02
1FA6P8CF6L5175970,39985.64
WBA7U2C04LGJ59445,121465.48
2T3H1RFV9LW098081,32494.25
3VW5T7AJ7HM309192,20065.72
1GCGTDEN3J1106486,32739.40
2G1WN151369242520,6366.29
JHMFA168X6S001971,4056.49
JTJGJRDZ4L5007918,33871.12
KL7CJKSB4LB315068,19969.22
SALCP2FX0KH794813,28636.09
1FADP3F26EL339431,10292.06
1FMSK8FH3LGC87341,32678.23
5NPE34AF1GH382611,15463.67
3KPF24ADXLE245946,19932.24
1C4HJXEN6MW520204,51442.85
4S4BTGKD3L3259377,40513.38
3GCUYEED7LG424844,48699.96
3N1AB7AP2HY360717,16661.55
JF2SJAWC5JH602457,23753.02
1C4HJXDG1LW329629,45316.57
1GTV2MEC3HZ368187,34682.47
2GKFLUE3XH6218742,23731.34
3VW2B7AJ2HM303872,13173.90
5LM5J7XC6LGL28247,45969.54
1FTEX1CP8LKE54280,43353.47
5J6RM4H58EL078514,14870.58
WP1AG2A56HLB51035,40546.03
1N6BA1F4XGN507066,25915.76
ZACNJAAB8LPL45815,19477.11
3N1AB7AP5EY280372,13259.92
LRBFX2SA4LD164855,37999.34
1GCVKREC4HZ220563,32285.13
SHHFK7H58JU403724,19619.31
YV4162UM7L2347911,44311.57
2C4RDGCG4KR580536,17926.51
WZ1DB4C06LW027558,37417.52
3TMAZ5CN3JM067737,35692.90
5TDHBRCH9LS505667,36564.04
WA1BNAFY2J2026208,32393.17
2GNAXKEV5L6185813,22387.06
JTMW1RFV5LD059248,32822.57
1FMZU77KW5UB64696,6640.73
1GCES14H46B123836,24532.98
1LN6L9TK9H5612002,29104.65
3GNCJPSB5LL221402,23024.26
JTHY3JBH4K2015576,25353.65
NM0LE7E22L1475310,29755.19
3N1AB8CV9LY205463,20017.66
3GNCJPSB4LL232522,22644.77
JTJHZKFA7L2027092,53868.18
1GC1KVEG1JF264845,34953.07
3C4NJCBB5MT505348,27102.16
2G1WX12K639270542,3161.46
2HGFC2F65LH565984,22212.77
JM3KFBDM3L0825932,30832.69
1GTP9EEL3KZ146086,51230.95
5J6RE48339L051240,6685.82
1HGCV1F12LA090448,24831.37
1HGCR2F33HA279726,16625.92
3FADP4AJ9HM144723,11431.83
JTEBU5JR1L5830559,40631.20
1GNSCHKC6JR269503,40309.31
5BZAF0AA4LN851638,50169.61
19UUB1F39LA016068,34218.82
3FA6P0RU5KR227219,24319.16
1C6SRFFT7LN420890,40021.14
3N6CM0KN7LK703213,23068.61
5UXWZ7C39H0X43135,28897.55
1FMCU0G6XLUB61668,31247.65
1C4PJLCB1LD629600,24167.13
KM8J33A40MU296663,26261.55
JTDEAMDE7MJ006331,27271.85
5J6RM4H32CL017137,11713.59
WD4FF1CD1KT011433,45663.49
KNAFK4A6XG5478127,13693.75
3C4NJDAB7KT728060,22887.10
5FNYF18515B068064,4763.99
3GCPWCED8LG393143,42891.86
1G6DE5E52C0101326,12508.82
3VV1B7AX6LM153200,24167.16
1GKKNXLS3LZ213609,48039.23
NM0LS7DN3CT123703,10138.54
KNDEU2AAXM7122732,23197.72
KNDPMCAC9L7726352,24686.19
1G4PP5SK4D4208544,10829.58
3N1CP5CV2LL533782,21983.16
1C4RJFLG4LC396243,40735.45
JTHCF1D23E5007479,15458.83
1FMCU9J99EUA23288,12341.75
2C4RC1EG5LR241993,40590.60
JF2GTAEC2M8211238,26109.58
1C4RJFAG3LC371871,41200.02
3GKALPEX0LL321526,33437.44
KL4MMBS20LB102093,22698.22
3VW2B7AJ5JM246167,14972.80
1V21E2CA6LC216409,38037.97
4T1C11AKXLU974612,31396.92
5GAEVBKW9LJ287746,45118.53
5FNRL6H75LB059540,41386.43
3GCUYHEL7KG286150,57827.21
7FART6H57LE014957,32214.77
1GKS2HKJ6LR121515,75190.81
JM3KFADM3L0823737,30234.97
5N1DL0MNXLC541666,47194.48
1C6JJTBG7LL155278,53314.09
1GYFZDR43LF141282,47214.22
WDC0G4KB7HV008977,34990.64
2FMPK4J88GBB47093,18955.36
3LN6L5HC4HR665052,30176.07
1GCRWBEK2LZ339662,37547.09
1N4AL21E09N534901,8050.36
2GKALMEK7H6340475,17623.45
1HGCV3F47LA014620,30139.61
5LMCJ1C91LUL30178,40865.58
5GAERBKW2LJ149924,41985.35
4T1C11AK1LU959724,31457.70
3CZRU6H1XLM730893,25643.23
1GYKPDRS4LZ212863,59227.10
3LN6L5F91LR616276,45619.52
KM8K33A5XKU274163,22503.10
5J8YD4H53LL027261,50715.91
1FMCU0F70KUB19518,19387.94
1FMJU1J59AEA70735,13434.59
2HKRW1H23LH405505,28820.13
1FAHP2D81FG124424,15802.90
5N1AT2MTXLC732761,22662.40
4T1BF1FK0HU434862,16635.50
4T4BF1FK2ER347434,11313.16
SALWV2FV6HA162756,52855.28
ZAM57XSA8F1148847,30492.37
5J6RW2H91LL005922,31614.94
4S3GTAA69L1733192,22778.91
1C4BJWEG2DL685430,26340.32
3FA6P0HD0LR145207,21387.82
5NMSK4AG6AH370019,8955.03
1GYFZFR42LF125733,48122.89
1GYKNCRS5LZ150566,53410.82
4T1B11HK6JU031518,22680.88
3GKALMEV9LL182297,28968.94
W1N0G8EBXLF855996,49160.64
3N1CN8DVXLL903317,17114.90
3GNAXUEV8LL331693,29719.45
2HGFG3B86DH526999,10299.24
JN8AT2MVXHW001778,18754.68
5YFEPMAE4MP150613,28613.86
2HGFC2F62LH562962,21864.27
5FNYF3H81AB012187,8163.50
3GTP9EEL2LG408973,57642.02
2C4RC1BG9DR604155,7365.58
ML32A3HJ9LH006392,15903.10
KM8K12AA7LU593597,20137.00
1C4RJFBG8FC814888,24732.12
KMHCT4AE7DU295419,8592.20
1VWBT7A39GC010193,12559.11
JF2SJABC7FH475837,17574.08
1FM5K8GT0HGB29465,30417.43
1FM5K7DHXHGB62547,20076.70
JN8AY2NC1LX517688,52600.45
5UXCR4C00L9D00984,69978.75
4S4BTGKD1L3237717,40447.53
5UXKR0C38H0X77086,41682.47
1C4RDJAGXKC743991,31193.79
3FA6P0LU1LR245307,29124.98
5UXFA135X4LU22056,5421.79
2GNALBEK0G1120064,13083.58
2T3BK31V59W010899,10090.11
1GCVKREC9JZ195360,40883.93
1C4PJMAK9CW199375,10029.54
2LMPJ9JP7KBL16377,37854.15
3LN6L5MU4HR650890,21367.28
5FNRL5H94DB080988,15263.20
1FMJU1HT6LEA43595,55698.72
1GNSKSKD0MR125507,66340.94
3C4PDCAB6LT201946,21177.84
2GKALNEK7H6332561,23228.85
2GNALBEK0E6333175,12655.80
1GYKNGRSXLZ193159,51244.93
1GKS2HKJ5LR200996,56034.28
3GCUYEETXLG404997,50605.53
1C4PJLDB2KD302393,20294.92
1GCRYEED0LZ312294,50481.08
3N1CN7AP0KL832269,13849.48
1N4AL2APXCC179241,8088.76
3C4PDCDGXCT159272,9410.20
JM3TCBCY2J0212277,28098.10
3HGGK5H88LM724151,19637.56
KL8CB6SA0MC703482,26946.15
6N1AZ2MH7HN143964,23109.20
WMWSV3C53BTY12233,8254.13
WP1AA2AY5LDA09824,82956.96
4T1BF1FK6HU799403,15702.40
2GNFLGEK9F6414020,13407.25
LRBFX4SX6LD158765,40985.67
1GCRWDED3LZ352157,39135.89
4T1M11AK7LU385232,31555.85
1FMSK8FH7LGA02916,35831.02
1FA6P8CF2L5170412,43517.87
JF2SJAGC4HH511141,19565.63
KL79MRSL6MB014063,27384.83
2T2ZK1BA0BC062578,11919.15
1C6RR6LM8GS223746,22303.66
3VWC57BUXKM143915,15097.81
WP0CB2A8XKS228960,67219.37
4T1B11HK3JU069420,20471.74
JF2SKAXC8LH439687,31249.40
KMHDH6AE0DU006317,7610.73
3FA6P0HD8JR196225,16821.32
1N4AL3AP5HC170640,14996.19
1FT8W3B68HEB71209,39532.50
SALYM2RV8JA723729,36532.22
1GYKNDRSXHZ181003,22586.09
KM8J33AL6LU215400,22220.39
KL79MUSL8MB025973,26792.09
1GNERFKW4LJ280642,33040.44
WVWKR7AU6HW953653,25827.51
1N4BL4BV4LC272706,21958.10
5NPD84LF9LH517824,20548.41
JM3KFBCM6L1860346,28230.21
JTHBK1EGXC2498777,11635.16
2LMPJ6J98LBL14249,45541.62
5TFEY5F13LX271089,43978.05
3N1AB7AP1JY315466,15761.03
1C6SRFCT8LN120988,41851.87
SALCT2FX9LH870347,44777.28
JN8AZ1MU8AW021164,8536.13
KNDMC5C17M6667922,38424.62
3VWD17AJ2FM281560,9670.52
3KPF24AD5LE255607,20015.00
JTJHW31U382053776,8458.60
5N1DL0MM5HC555201,31033.53
1GKEV23D59J171985,8167.39
1HGCV1F12JA076479,24307.50
3C63R3EL0LG247484,75786.80
3GYFNEE39FS566620,17406.02
LVY102MK6KP079091,36672.29
5N1AZ2BJ9LN163695,29468.04
5TDZY68A38S005587,17071.39
1C6SRFFM7LN249972,52952.94
3C4PDCAB9HT545746,16189.18
KNDETCA2XM7128161,28732.79
1C4NJRBB9GD579577,11756.14
3GNCJNSB7LL309307,19734.22
1VWBS7A32GC014721,14665.71
1FTEW1CM8DKD11047,16788.14
3N1CN8DV4LL885302,16351.05
KL7CJPSB1HB171497,16607.55
2GNAXJEV5J6348175,20409.89
3C6UR5CLXLG114962,76368.54
1GYKNDRS1LZ232445,56545.38
1GNSKHKCXLR179809,60632.34
1HGCV3F18LA016558,30255.05
1GCVKREC0JZ239018,35462.77
1FTEW1EG9FFA02321,23928.36
1N4AZ1BP5LC307103,37042.42
2B3CJ5DT1BH575607,22138.86
YV4A22PK6K1417151,41435.17
JM3KFABM7L0861930,28099.91
1FAHP2E82HG146630,24628.52
WDDWK8HB8JF627865,74597.53
3VW5T7AU4LM013601,30257.20
SALZJ2FX3LH041614,46858.72
1G11C5SA4GF114291,15558.57
1G1FH3D76K0138861,40861.61
3FA6P0HD6LR250463,20592.92
1GNEVNKW8LJ259640,49634.61
3FA6P0HD3LR261436,21636.98
JM1GL1VM6K1500135,20196.30
3GTU9CED7LG390292,45939.37
JF1GV8J68CL002928,21614.64
5J8TB3H72JL002781,30717.52
KL7CJLSB0LB034763,22484.17
1C4HJXEN0LW115910,48563.53
1FTEW1E49LKE57761,47193.16
1C4BJWDG2DL615914,23243.59
2GNAXKEV4L6273753,25963.82
1FT7X2B65BEC96260,23889.21
3KPA24AD0LE334032,16076.67
WAUYGAFC3DN073102,15858.83
19UDE2F77LA007871,28509.65
1C4GJXAN8LW337614,37810.51
1GNSKDKD4MR132228,66118.27
YV4A22PLXK1415850,42691.69
1C6SRFJT8LN417939,54401.02
1FTEW1EP1LKE62088,50666.98
5NMS53AD9LH263198,34467.01
2FMDK3J93DBC29265,13780.71
JF2SKADC1LH596417,28508.78
3A4FY48B47T554973,6450.20
3GTU2NEC3GG362700,37039.48
2GKALPEK5H6289205,20460.88
3CZRU6H54LM723957,24124.32
1FTEW1EPXLKE04545,51845.84
KL4CJASB8JB514838,17814.45
3C6TRVDG7LE114538,50750.12
5N1DL0MM6HC505858,30604.80
3GNCJKSB0LL273796,17580.22
SCFSMGAW3LGN04967,156210.79
1C6HJTAG2LL128120,40437.18
2G2WR554961236799,7627.47
1GKKNKLA8JZ238030,23077.42
2T2HK31U27C001565,8743.47
1C4RJFCG9LC418401,48176.23
1V2JP2CA2MC525824,35318.66
5UXFA93524LE81202,14069.64
1C4PJLCB1KD479499,21153.73
1FTEW1E4CLKF13920,46506.91
1FMHK7B80CGA00404,9916.72
1G1ZD5ST1LF157286,23463.49
1FTEW1E49LFB99301,50796.45
1GKS2DKL2MR130157,82713.92
19XFC2F83LE027117,22096.06
3GNCJKSBXLL298415,19049.41
1FMZU73K65ZA17451,7278.48
1FTFW1R61BFA30100,29227.26
1HGCR2F53GA072219,16573.68
2C3CCAGG9KH586097,25629.09
WA1AAAF77HD011006,37601.18
WAUGFAFR5AA049180,9895.62
3GNCJLSB3LL309356,20843.80
1FTEW1CP2LKF32443,39969.76
1C4RDHDG8KC684380,28990.25
5TDDKRFH2FS139811,24787.93
KL8CD6SAXLC430494,27184.41
1N4BL4BVXLC277764,22208.55
2T3DFREVXHW641169,21560.61
WBS6C9C50FD467653,75589.32
1FM5K8GC6LGC91741,46955.19
2C4RDGBG4LR228012,29742.33
JN8AY2NC7K9580846,40500.41
JTDEAMDE7MJ005972,27458.66
2C3CDXBG3LH214277,25659.13
1HGCR3F88DA022685,15139.81
5FNYF4H98EB032473,14433.74
4JGFF5KE6LA263845,81753.26
2GNAXKEVXL6113456,21197.87
1FM5K8F86JGB10776,29540.21
1C4SDJCT8LC394875,51886.98
5N1AZ2MG7JN105082,18804.89
3GCUYGED0LG435213,55807.66
1GCPYFED3LZ350292,48150.28
2GKALSEK6F6198962,13979.91
1FADP3K27EL110164,12331.31
2C3CDZAG8LH211050,25950.81
3TMAZ5CN7KM105987,38510.92
1GNERFKW9LJ222154,38051.23
1GCPYCEF9LZ356792,48859.66
1FTEW1EG0FKE98813,29997.38
5NMSG13D27H100166,6325.71
KL79MUSL5MB031942,29275.79
1C4PJMDBXGW335594,14052.17
1FMCU0G61LUB47805,31297.59
WBAUN7C51BVM25216,17210.43
1G4GB5G35GF156110,20607.18
4S3BMDK62B2241023,9032.20
LRBFX3SX8LD168661,41760.45
3GCNYAEF7LG231351,38988.68
1GNSCNKD9MR142028,64399.63
5XXGN4A76FG503204,14530.24
JN1EV7AR1LM256970,54382.76
KM8K12AA7MU634649,22584.26
3VWD17AJXFM216794,12500.53
1FTEW1EP9LFC19797,45059.44
2T1BURHE0KC158543,16595.22
3C4NJDBB7LT165348,27935.14
1FTEW1EP7LFC27607,47176.58
1N6AA1ED6LN510747,47957.41
JTHBJ46G492277901,9660.00
ZACCJBBB4HPE79419,19878.00
1GT12ZE89FF613807,36562.68
1FM5K8F88EGB43607,17138.61
1C4HJXDG6LW240803,44332.47
1C6RR6TT1KS694265,38235.55
1HGCV1F38JA229688,23026.45
KL7CJLSB3LB034997,21228.45
1HGCV1F35LA124707,25127.08
5J8YD3H56LL010366,49586.06
1FTEW1EG8JFA54502,35649.10
1FTER4EH4LLA40781,36333.11
KNAFX4A64G5541580,14325.05
5N1AZ2BJ2LN104827,25644.31
1G1ZB5ST5LF152100,22696.67
1GNSKBKC2LR204585,56800.94
3GTU2PEC5HG189839,38997.05
1FAHP2KT3FG177522,22451.22
2GKFLTEK6G6339560,23665.54
1GCUYDED1LZ323910,45786.14
1C3CDZAB6CN286194,7995.46
WAUU2AF25KN118705,66838.56
1FMJU1HT9LEA06119,62488.56
3KPA24AD4LE321316,17069.96
1GTV2VECXEZ329615,16221.31
3N1AB8CV6LY236914,20660.02
WMWZG3C58BTY35726,8419.40
JM1BL1VGXB1380859,9328.45
WA1ANAFY6L2065320,49414.35
1C4PJMDN8LD580474,31942.96
JF2GTAEC0MH219550,26159.79
JN1BV7AP9EM672236,18005.04
5NMS23AD9LH164244,19642.92
1FMSK7DH6LGA10647,31950.75
5J6RW2H20LL001797,28123.15
3GNCJKSB2LL318589,18994.76
3GNAXHEV1LS719300,24731.75
KL4MMDSL6LB120327,25583.56
5TDJGRFH2KS066941,23765.68
1N4BL3AP2DC131065,13110.59
3C4NJCBB9KT736735,25184.20
1C4PJLCB9HW596101,18466.12
1G1FB1RS9H0162373,25916.04
5TDYZRAH0LS027167,38119.95
5LMCJ2D99LUL22902,53601.80
1GYKPGRS3LZ151717,61752.62
WDC0G4KB4HV004627,30833.32
1FMCU0G67LUC00104,28787.21
SALWR2FV4HA142042,49069.64
1FADP3F25DL363766,12099.73
1LN6L9RP8L5600905,56858.83
2B3KA43G28H299277,10884.42
4JGFB4KB3LA238249,59560.01
2HGFC2F84LH572278,22218.70
YV1LS5547W2438232,4305.27
1HGCS1B35CA012892,13256.00
1C4PJMBX0LD578495,31140.36
5TDYK3DC8GS691417,15819.05
W1KXJ8GB3LA050283,136389.95
1GCRKSE73DZ311328,22139.72
1N4AL3AP4FN348118,12934.19
W1KUG8DB3LA562504,122273.85
W1KWF6EB6LR585260,57276.59
3CZRU6H56LM726438,24156.50
5YFBURHE6GP432951,11787.57
5TDGZRBH3LS051800,43361.05
1FTFW1EGXGFC54178,24062.80
LYV402TK7JB168507,32935.48
3FA6P0G79LR261582,30232.12
1HGEM22901L019232,4942.71
5NPD74LF0LH610962,19011.27
4S4BSABC1K3383671,27705.20
2LMPJ8KP7LBL22321,57415.88
3GTU9BEDXLG414076,45921.08
1FMCU0G63LUB94317,31297.59
5N1DR2MM8HC651883,30786.13
4T1M11AK4LU967465,31677.27
4S4BRBKCXA3373818,11101.36
JM3KFADM0L1837685,27168.31
KNDJ23AU3L7052493,19474.18
1N4BL4CV1LC273746,25091.02
3FA6P0HD5LR187839,21313.45
1HGCR6F36EA004970,10580.95
5TDGZRBH5LS521115,40848.13
3FADP4EJ7GM188437,10260.98
1V2ER2CA7MC509131,38120.52
LRBFX2SA3LD158030,34673.79
1FTEX1EB0LFC27708,46698.81
KL4MMCSL4LB111720,28589.99
1C3BC2EB1BN532535,7906.46
JF2SJGWCXHH477291,26508.95
JH4KC1F96FC000635,13237.46
1G1ZD5ST2LF140822,26531.02
3GCUYBEF2LG382602,43954.69
3FA6P0HD2LR143572,21650.83
KM8J33A46LU231704,24590.47
KNDJP3A53J7597150,12974.72
KNDJ23AU4L7109655,18844.01
3VV3B7AXXLM163592,24214.32
1V2WR2CA6MC526670,37624.40
3LN6L5A92HR655148,21195.77
1N4AL3AP2JC133003,14224.90
1C6RR7MT8HS650485,33484.89
5TFRZ5CN4KX073061,38197.37
1C4PJMDB0HW636764,17800.10
WP0AB2Y17LSA50333,36091.16
3C63RRJLXLG293042,76194.02
3N1AB8CV1LY254382,21314.14
KM8J3CA26HU430600,20031.86
1FMSK7FH9LGC21225,37446.01
1FTER4EH0LLA66164,37094.76
JF1SG63676H752186,4804.85
JTLKT324754016217,5050.59
MAJ6S3GL6LC312161,24896.83
1FMJU1KT5JEA69353,46452.57
JN8AT2MV4LW102565,27853.29
1GCRWCED1KZ213346,41238.31
5J6RW2H58HL007347,22242.70
1GCUYBEF3LZ276868,45242.40
1C6HJTAG0LL187747,38242.29
1FTEW1CP5LFB53994,38441.98
1FTEW1EG6HKE43608,37209.79
3GNCJLSBXKL376390,17248.91
WP1AA2A29CLA00285,14717.61
2T2BZMCA5HC055017,30420.07
1GNERGKW7LJ260505,34586.62
KNAFK4A65G5614180,13973.08
1GCUYDED4KZ131539,32821.57
3HGGK5H42LM722568,18899.43
4T1BE46K29U376811,7172.11
4T1C11AK5LU380669,31050.58
1C4RJEBM6GC314696,28269.19
KL4CJASB4LB019118,20478.20
JN1BJ1CPXHW035712,17327.46
1FT7W2BT9LEE61916,51281.28
1GC1KYCG7BF165436,25821.27
JTDKAMFU8M3129101,27743.53
3GKALTEV5LL313994,31370.42
5LMCJ1C98LUL26757,38968.65
1FTEW1E50LFB61481,59673.26
KNDPCCAC3F7677852,16419.90
1C4HJXDG3LW291143,43430.25
JA4AD2A37KZ004987,24632.91
JF2SKAUC7LH593120,33437.14
5TDYK3DC5FS578863,19389.63
1GNERKKW6LJ292784,39383.27
1FBZX2ZM3HKA66762,24558.76
3GCUYEED8LG387013,44387.44
KL4MMFSL9LB110533,24273.27
LVY992MK9JP032046,46746.14
YV4102PK2L1580094,54672.89
KL7CJLSB3LB012014,20911.30
2T3BFREV8HW689325,18994.13
NM0LS7E27L1472380,29314.16
1FTEW1E55LKE57569,43969.01
1FTEW1E52LFC01236,52910.39
3VV2B7AX5KM064964,25233.35
3GKALSEX4LL325128,32023.45
55SWF4KB1HU199862,37471.38
1FTEW1E41LKE74604,46518.86
19XFC2F65LE006042,21155.55
2GNFLGEK3H6263534,24929.59
5XYPGDA50HG234236,21553.35
3VWFP7AT8EM620426,14174.44
KNAFK5A84H5715168,18525.80
5NPEB4AC1EH921203,12143.37
1YVHZ8CH8A5M16952,8146.62
3FADP4EJ6HM152613,13277.36
3VWCB7BU5LM072830,21510.32
WA1ANAFY3L2106633,49246.00
4T1B11HK7KU197225,22094.13
5NPEU46F46H018140,7921.35
5TDBZRBH9LS517952,43591.20
3GCNYAEF2LG231872,36416.29
1FA6P8CF6J5128161,38898.88
5TDKZ3DC8LS079164,37475.57
1G4HP57206U203308,5582.80
2GNFLFEK7G6161744,19611.52
1FTEW1E4XLKE20282,49436.90
2C3CDZBT2LH191857,39306.61
3CZRU6H50LM713524,24156.50
JF2SJALC6JH592607,20267.43
5FNRL6H76LB073415,40454.59
1G6AW5SXXH0166129,27615.91
4S4BTGPDXL3240155,41200.16
5N1AN0NW8FN657641,21236.40
5NPEU46C89H419023,7158.35
1C4HJXDG9LW250273,50368.58
5NPD84LF1JH235822,14966.98
2T2BZMCA9KC210501,49469.58
5TDHBRCHXLS512983,33942.94
1N4BL4BW8LC253097,24541.11
JN1BJ1CP8KW238878,20706.96
5N1AR2MM7DC622968,13226.94
1VWCN7A30DC139563,13622.22
1GKER13D19J113306,6704.51
1FTEW1E41LFC06628,62089.18
JM1GJ1U61F1163548,10351.98
4T1BF1FK8EU849116,14700.81
3HGGK5H4XLM722768,19662.58
2HGFC2F55HH552795,17677.69
1FTFW1E40LKE39833,47354.94
3MYDLBYVXLY715979,17317.93
1GCHSBEAXL1247745,29137.84
WAU32AFDXFN037007,40059.60
1N6BD0CT4GN709172,18641.96
1C4RJEAG5LC246350,36520.63
1GTG6CEN1M1103348,37700.70
1FADP3F20DL258472,7285.16
5N1DL0MN6LC531734,49625.05
5TDXK3DC6GS711451,19648.14
5N1AZ2AJ5LN157054,29468.04
3GNCJPSB2GL272619,15765.56
1HGCV1F12LA095469,25440.29
3GKALVEV9LL183021,27188.61
2T3H1RFV1LC084628,32425.79
5TDYK3DCXFS553392,16218.51
JN8AY2NC0H9508928,35846.79
1FMSK8DH5LGC55784,35073.74
1FMSK7DH5LGB82880,30401.97
2GNAXHEV9L6270883,27295.92
3GCUYEET4LG379630,49076.16
1FM5K8GC8LGC89005,47362.59
1GTG6FEN7M1103257,37898.64
3TYSZ5AN5LT004699,38906.53
1C4HJXDN6KW622973,44219.75
WDDSJ4EB6JN576287,26890.50
1FMCU9GX2EUB90758,14647.66
4T1C31AK3LU542728,31601.53
19XFC2F64KE014681,16808.53
19UUB1F36LA018070,34229.76
1FADP3K22EL181952,10076.73
3N1AB7AP8DL739907,9979.34
SADFP2FX1K1Z43554,47040.18
1FTEW1CP6LFC49066,41633.03
5N1DL0MN8LC500050,50153.86
KM8K3CA58LU525506,27433.26
1FMCU0HD1JUD00581,16348.13
1GCRYEED6LZ341248,45058.93
5N1AT2MT0EC779512,12191.84
1C4BJWDG3DL634889,26862.44
3GNCJKSB6LL303383,20246.86
JF2SKALC7LH600214,32007.54
1FA6P8THXJ5116712,23094.11
ZACNJBC18LPL61751,24636.66
1HGCV1F64JA047495,22687.57
2T3P1RFV2LC126770,34038.56
5LMCJ1D94LUL19156,46027.82
2HGFC2F86LH559631,21819.72
KM8J33A43MU307560,25368.06
2G4GK5EX4G9207465,20522.91
3VV4B7AX5KM157914,25888.96
WBXJG9C00L5P94380,37504.43
2GKFLTE35H6198121,27640.66
ZFF80AMA7J0232058,220940.48
2T3WK4DV6AW005590,9749.63
KNALC4J13L5221096,37264.73
1FMCU0G68LUB66447,31806.73
1C4AJWAGXCL135974,16948.25
1FMSK8FH6LGC39509,37531.83
2G1FT1EWXE9174443,22546.67
5TFDW5F13EX370662,26373.80
3N1AB7AP5KY405690,17464.06
1FT7W2BT4KED74200,74402.31
5N1AR18B29C607238,6851.70
5YFHPRAE3LP054738,28478.68
19XFC1F97LE212404,27010.31
KL7CJKSB3MB304421,22516.34
WA1ANAFY9L2039973,48830.09
1C4RJEAG1LC403744,40848.93
JM3KFBCM2L0852136,30743.09
5TDZZRFHXKS333868,38311.81
1FMJK1JT1LEA76049,63006.10
1C6HJTFG7LL217125,40572.97
19XFC2F62LE212435,22425.78
4T1G11AK6LU976875,31360.12
WBA8B9G36HNU54203,25054.59
1HGCV1F38LA132266,27553.29
1C6HJTAG2LL150747,44014.83
2C3CDZAG1JH339398,27927.96
3GCPYDEKXLG345948,37038.18
5TDDZRBH3LS054134,42852.11
1C4BJWDG8HL536415,26965.65
1G6DA5RK6L0146264,36669.46
2T1BURHE4KC165334,16424.15
3GNKBERSXLS726232,39972.05
JTMP1RFV0KD024250,31143.12
KNDERCAA8M7127063,25848.54
2FMPK3K93JBB32493,24830.08
1HGCS2B82CA002189,9685.23
3GNKBARA4LS678999,31282.63
1N4BL4DV1LN317442,24434.66
1FMCU9GX5EUC14177,12413.66
1NXBR32E95Z343412,5030.07
3N1CP5CU9JL519723,18513.51
KM8SR4HF3HU193095,22737.22
3LN6L5E90KR602496,30960.12
1N4AL3AP5GC285589,10873.68
2LMPJ6J92LBL18698,48647.04
1FMCU0G61LUB59954,31672.63
2C3CDXCT5KH584429,33413.37
JN8AS5MV7BW257453,8390.24
5TDZZRAH2LS029085,41394.15
2T1BURHE5GC622031,11512.65
2T3P1RFV4KC025325,32880.85
1FA6P8CF8L5170396,45904.88
WA1ANAFY2J2011994,33290.11
4T1C31AK7LU538617,31607.49
3GNCJKSB1LL313805,21664.12
1GNSCBKC0LR143895,46940.32
3LN6L5F98LR613343,45959.24
3MVDMBEMXLM108106,26538.86
3GNCJLSB1LL129146,18840.62
2FMPK4G92LBA03985,43054.67
1GNSKNKD8MR123506,61101.37
1FMCU0E74CKB11209,7556.23
1GTP9EEL4LZ339221,59019.80
4T1BF1FK3HU797818,18839.11
JTDKDTB33D1538634,9345.45
4S4BTANC2L3249276,31369.53
1FT7W2BT7KEC60806,75316.94
4T1K61AK6LU990982,29968.57
4T1L11BK1LU005148,30452.34
JF2GPAGC2D2211292,10097.38
1FMCU9GD5HUE98601,16903.14
JTNK4RBE1K3073093,22463.68
JTDKARFU9L3114473,27208.68
1FTEW1EP0KFC82981,44308.88
WBAJB9C52JG463886,54272.07
LRBFX2SA2LD168791,37723.28
1FMCU0GD5JUB41209,20865.08
KL7CJLSB1LB009516,23665.59
5NMS33AD2KH007554,22476.18
1FTEW1CP2LKE59011,36925.85
KMHD84LF8HU156529,15079.60
3C4PDCAB4LT253978,22464.55
1FTEW1E4XLKD23289,50943.91
1FTVX1EF2EKG10630,21764.75
4T1K61AKXLU979239,29694.96
KNAFU4A20D5655920,6580.74
1G1ZB5ST9JF252374,17697.31
1C4PJMBX1LD655486,37054.51
WDC0G4JB6JV061726,28821.56
1FTRW07L53KA65649,12122.81
KMHH35LE9JU021062,16846.30
2FMPK4K89GBB30396,21953.30
5LMCJ2C90KUL09519,23352.16
5NPE34AFXKH808921,21319.92
7JRA22TK9LG066437,47680.00
2GNFLFEK3G6322980,23673.12
1FMCU93108KD84884,7039.09
1FTEW1EP2LFC30463,54722.46
3PCAJ5M15LF119041,44936.42
5YFEPRAE6LP025530,22287.70
5YFBURHEXHP718366,15662.88
3GKALTEV8LL198632,28564.53
JTMRFREV4DD025576,12699.26
WBAJR7C04LCE48632,59105.60
1FMJU1HT5LEA71467,57288.75
5NPE24AFXKH775874,19606.76
3KPA24AD9LE313471,15766.15
JM3KFADL9H0177652,20084.29
3C4NJDCB3LT209151,26139.97
1FMSK7DH7LGB80581,31554.56
1GYKNAR42LZ232406,47658.33
2C4RDGBG9LR155736,30012.22
SALYB2RX4JA742592,32674.91
WA1ECCFS1HR017771,24818.34
1N4BL4BV5LC206343,20722.27
3KPF24AD0KE099989,15895.56
2C3CDZC9XGH220966,67570.62
3C4NJCBB4KT750445,22025.88
1D8GU58667W630607,7078.27
3C6UR5CL2LG185721,73771.13
1FMCU0F66LUB91154,31714.00
MAJ3S2GE3LC328008,21979.41
KL79MPSL6MB034561,26031.85
1GKS2DKL8MR136335,81288.95
4S4BTAEC7L3267675,32676.81
KM8J3CAL7MU315068,32132.98
1GCRYDED6LZ371117,42289.27
2HKRW2H84LH668192,33009.82
1FTEW1EP9KFA71021,40514.11
2C3CDXBGXEH307784,16644.90
1C4RJFLG6HC602766,28852.69
3C3CFFGE7HT543963,22797.77
3FADP4BJ4KM142674,12115.27
1GCRYEED5LZ337630,45257.93
1FTEW1E56KKE92071,43667.79
3C4NJDBB8JT167817,20369.86
1FTEW1EG8JFA95499,42107.04
WDC0G6EB3LF729999,63023.33
3GNAXHEV9LS687759,27324.22
3VW2B7AJ0HM375816,14579.39
3FA6P0T98KR233469,27725.94
2HGFC4B03HH306026,16129.93
3FA6P0LU1LR142839,31164.41
3FA6P0G70LR168174,29939.74
5FNRL38428B079918,7978.08
3C6TR5CJ8LG226668,77699.51
1FTEX1CW4AFC11286,12850.11
1G1YY22G525113166,21290.90
5N1AZ2BS9LN148073,32886.62
WAUACGFF0F1062918,18663.68
1FMSK8DH1LGC71769,36342.19
WDDZF4JB0JA325455,35919.69
1N4AL4FV2LC115150,36285.99
5N1AZ2MH0HN169239,22765.97
WBAJA7C30HWA70672,31195.12
1FMCU0J95KUC31031,23543.93
3MZBN1U76JM167997,15694.53
5TDHZRBH1LS041187,42751.42
1G1ZE5ST9HF187978,17611.47
1C4PJMLB9KD406628,25761.89
1FM5K8F81HGC98407,29644.23
1FMSK7DH0LGB80745,36306.16
1FMCU0GX6FUC77544,13435.62
1FTEW1C51LKF00565,48353.78
4JGDF6EE7HA932351,49634.44
2HGFC1F75HH650690,18796.39
JN8AY2NC9K9588236,44574.00
1C4HJXFN8LW345953,51049.00
1N4AA5AP1EC432814,13568.80
WDDHF8HB9AA238971,11819.92
2HGFC1F93LH683102,24419.88
3C6UR5SLXLG200192,77779.26
KL7CJKSB7MB304177,22492.76
5NPD74LF8KH489550,15335.11
5TDJKRFH6GS265609,25213.20
1HGCR2F55HA266316,18726.22
3N1CN8EV6LL828971,17203.91
1FMJK1HT1LEA33997,56966.68
1FMSK7FH7LGA58445,34758.89
3N1CP5CU2KL524697,17907.25
1FATP8UH5K5138278,23186.47
1FMCU9J92JUA19027,22049.89
5J6RW1H26LA009053,29387.29
KL79MMS24MB025556,22498.90
1C6SRFHT6LN195097,43973.53
3KPA24AB6KE221232,13140.17
3C63RRJL6LG215549,75964.67
1FTEW1E44LFC38103,45604.16
4T1B11HK2KU730680,21867.59
5N1DR2BM1LC625296,34862.06
1FD8X3H6XLED52675,53588.98
5TDHBRCH1LS509745,37444.28
1C4RJFBG2LC397022,44393.25
3C4NJDBB6JT402733,17723.64
5NPE34AFXGH342270,14302.16
1N4BL4EW9LC100143,26861.24
2C4RC1GG4LR224180,36982.05
JTHBW1GG6H2154128,23471.45
SALYK2EX2LA285628,51149.42
WBA7T2C09MCE94182,85622.82
1C4RJFAGXLC266762,39444.00
1N6BD0CT0HN712894,16548.74
JTEBU5JR0L5832867,42627.91
2C3CDXBG7JH257629,28737.89
3N1AB7AP7KY435659,16015.46
1G6DU5RKXL0140085,49976.45
MAJ6S3GL6LC357214,22864.26
3GNMCEE0XDG216915,19144.64
1GNKRHKD5HJ350430,28369.80
WBAJA5C36HG897684,32129.18
1FTFW1RG7JFB82339,35517.47
KNDEPCAA8M7084169,24947.13
7FARW2H80JE095288,24987.23
3FA6P0HD0LR265444,21931.91
5TDYKRFH8GS159645,15077.01
1FMJK1K50CEF22787,14280.14
3GNAXNEV3LS592385,22269.34
5FNYF3H57CB001154,13210.58
1GD48LE73LF248886,54284.81
KL7CJKSB7LB085140,20620.85
3N1BC1CP9AL443253,5847.79
NM0LS7F27L1468943,30370.56
1GNSCBKC4KR396569,41954.54
JM3KFBDM5L0818206,30483.83
2FMPK3K92KBB62229,25496.43
MAJ3S2KE0LC327342,23292.44
3N1CN8DV9LL903986,17489.71
KNMAT2MT4LP525909,24920.06
1N4BZ1BP2LC308732,37044.00
1FTEW1E41LFC18956,61243.29
5FNYF6H56MB007949,41964.29
SALRG2RV0L2420999,60577.74
KL4MMCSLXLB071322,29574.88
4M2CN9HGXAKJ17167,6373.38
KL8CB6SA8MC701138,27373.38
5TDYZ3DC9KS013909,28193.20
JTMDJREV7GD008820,19679.94
1GCGTBEN2M1120422,38163.16
5UXTR9C56KLD99157,41268.03
3LN6L5A91LR615474,38130.90
5TDYY5G14CS039277,18336.74
JHLRD78846C033852,5057.04
1GCRYCEF1LZ293311,42499.63
2C3CDZAG0LH206439,31332.91
3FA6P0HD5HR378779,16089.93
JN1BJ1CV4LW256147,21707.16
1C4HJXDG7LW274605,45068.17
3GNAXHEV6LS592429,21566.03
5YJSA1E40HF171920,27945.04
W1W4EBVYXLT022110,57368.92
JN1BJ1CV4LW543536,21847.41
WDC0G4KB5GF094119,28259.92
W1N4N4HB2MJ116549,44465.54
4T1C11AK9LU936000,31076.37
2FMDK3J94CBA11589,10542.29
1C6SRFFT6LN396839,44452.01
1FTEW1E4XLFB62659,51845.84
3GKALSEX0LL306334,30863.72
SJKCH5CP3HA025151,28078.35
1C4RJFCG5LC426866,43688.55
JM1NDAC71L0416121,34206.44
KM8J3CA44LU261123,27103.86
JF2GPABCXH8217822,23474.85
3TMCZ5AN2KM207919,38711.75
3C4NJDBB4LT256447,24786.65
1C6SRFFT5LN347387,44546.30
2C4RC1BG1DR573516,7331.78
WAUB4CF57JA062912,45538.93
1C6RRFFG3LN353268,44123.07
KM8J3CAL4LU145847,28125.20
3FA6P0LUXJR137393,21390.88
KM8K3CA57LU590198,26861.19
KNMAT2MV0KP538253,22361.85
3GTU2VEC3EG448649,20004.65
19UUB1F35LA015905,32686.75
3VWDB7AJ9HM267087,14418.65
MAJ6S3JL8LC348958,26707.26
3GCNWAEF4LG115787,38476.18
JM3TCADY3J0208506,27579.03
1HGCR6F34EA005454,14665.39
3FA6P0HD4LR253393,21768.12
1FMCU0D71AKD37223,6206.06
1ZVBP8CF2C5245339,20736.14
1FAHP2D83EG162087,9807.74
1G6DP5RK9L0123141,39634.70
KMHGN4JE2FU043639,20773.35
1FTEW1EP8JKF14734,38041.11
JNKCV61E49M304965,8066.67
KNDPM3AC2L7816653,25529.55
1FMCU9G64LUB68197,32683.97
JM3TB3CA3E0431282,13535.54
1FMCU0G6XLUB28962,31855.26
WAUENCF58JA136784,30872.28
JM1BPBMM9K1125525,24361.80
WBY1Z4C56EV274739,16561.75
4T1BF1FK2HU662183,20447.49
3GNAXUEV5LS649034,31625.88
5NPEB4AC0DH647281,11232.71
1FTEW1E47LFB26363,50368.95
JTNKHMBX5K1030834,21400.74
ZHWUC2ZF7GLA04416,216939.06
3GCUYEED3LG396492,46153.94
JTMDJREVXHD111229,26106.18
TRUMF38J581002613,6107.37
1GNEVHKW9LJ174579,41729.99
JM1CW2CL5C0107949,8401.31
WAUB1GFF2J1087256,32346.68
1FTEW1E40LKE93242,51004.54
19XZE4F99ME000601,29557.78
1C3CCBBB7EN179747,10739.75
3GTU2NEC0JG247804,42013.94
2C3CDZL97KH741278,95885.04
1GYKNFRS4JZ159189,32134.57
1FM5K8HC0LGD04921,43696.89
JTEZU5JR7L5226285,42091.71
3KPFK4A70JE234171,12580.40
5NPD84LFXHH010003,12461.04
3MW5R1J00L8B29864,47881.34
3GNAXHEV2LS597398,25544.45
1HGCP2F8XBA067477,7013.93
2C3CCAAG2LH175473,26590.27
JTDL9RFU4L3014164,28729.50
3FA6P0HD6LR233971,21661.01
NM0LS7FX4G1265090,17150.28
5NPD84LF8JH283690,14966.98
5TDXK3DC0FS570911,18868.03
JN8AT2MT0KW501731,18785.87
1FTFW1ET4DFA05383,17042.28
5YFEPMAE0MP148907,28064.01
1HGEJ8144TL074304,10492.29
1GCVKREC6HZ150614,38375.51
3KPA24AD5LE285927,15132.57
YV1960AS2A1120121,8860.85
5FNYF6H32HB034313,30979.06
3VWCB7BU9LM015935,21506.93
JF2SJAGC9JH545453,21698.90
LRBFXDSAXHD222034,21599.60
1FTEW1E48LKD64181,51558.83
1GNSKSKD0MR121540,65277.22
3C4PDCAB8LT214164,21888.83
2T3W1RFV6LC085815,32907.18
1FTEW1EG9HFC76122,35751.30
1HGCR3F85DA032168,13977.18
1FTBR1C89LKB20765,50831.95
WAUENAF41KA034448,37355.93
1D7HA16N88J142861,8623.13
KL7CJLSB7LB010380,19658.29
1GCGSCEN9L1201151,30407.10
3GYFNCE30DS638659,14641.26
JN1EV7AP1HM742202,25605.42
1GNERFKW7LJ303704,36214.79
5TDDKRFH1FS156051,26711.27
3C4PDCBGXHT566339,16737.24
5NMS23AD9LH137223,28124.19
1N4AL3AP6GC142831,11871.27
1ZVBP8AN6A5135739,8990.12
2C4RC1AG0KR657907,26542.01
SHHFK7H41LU422562,25029.77
3GCUYDET7LG388266,48992.23
5XYPG4A3XKG451881,19435.41
2HKRW1H22LH418052,27636.03
1FTEW1E42LKF08873,43799.41
2C3CDXJG5LH155542,38367.04
2C4RDGCG4HR673193,13949.89
5NPEL4JA7LH002282,25414.20
1V2ME2CA3LC208507,39528.43
1GNSCBE01DR160093,16627.86
MAJ6S3JL9LC349861,22185.11
1FTSE34L34HB43001,10382.58
1V2PR2CA7MC516833,37773.99
3C6UR5PJ9EG307034,33595.30
19UUB2F62JA007788,25113.12
JM1BPACL8L1166765,24189.54
1FADP3K22FL335531,9979.24
5YFM4RCE0LP009616,30738.70
JM3KFACM7L0838324,27164.53
JN8AT2MVXLW142777,27657.91
5J8YD4H5XHL003000,30724.05
5TDDZRBH5LS038274,47732.62
KMHDU46D37U135088,3332.42
YV4162UM4M2397683,43655.94
1C6HJTAG8LL211714,38485.22
3GNAXSEV9JL352229,22420.08
3GCPCPEC0JG527213,38831.65
1FTEW1EP7HKE18202,34357.45
JN8AY2NC6K9585701,37695.71
1C4PJMCB4HW521246,18392.21
55SWF4KB1HU193172,24734.73
1G1ZG5ST9LF151002,24856.06
3N1AB7AP4HY341263,19421.28
2T3RFREV7JW756047,23196.24
3GNAXKEV4LL267317,21834.65
4T1BK3DB8CU461844,11709.36
1N4BL4DW6KN328587,23157.79
5GAKVDKD1DJ107643,14594.27
JTEZU5JR3L5226641,41323.31
WA1DGBFE2CD006515,16363.76
4T1G11AK7LU381503,31555.85
2T1BU4EE3BC537978,7297.36
1FTEW1CP8LFC39171,42367.60
2C4RDGBG4LR243030,29507.29
2GNAXUEV5L6100027,28093.21
KMHGN4JEXJU236730,30806.48
2FMPK4K83HBB72919,21578.13
5FNYF4H59BB021622,9554.81
1G1FC1RX9H0117099,24666.04
1N4AA6AP1HC439899,23054.36
3LN6L2JK4GR610373,25919.81
19UDE2F32HA007118,19196.73
5FNYF8H58LB015786,39274.05
1FD8W3HT0KEF04096,64274.17
JM3KFACM4L0844954,29385.74
3C6UR5NJ8JG426352,62932.46
5YFEPMAE2MP156636,28672.75
YV4CZ592X61303355,4771.34
KL4CJASB4HB229015,16564.75
5FNYF5H56MB004785,37971.02
1GKFK66U75J175420,9011.71
5J6RW2H27LL018886,31614.94
KL4MMBS22LB129019,21974.00
2FMPK4K95GBC46588,21639.81
3C4PDDEG6KT795111,27033.34
1C6SRFFT2LN407884,46419.64
WBAXG5C5XDD233362,13461.90
1FMSK7FH8LGA24143,34200.62
2C3CDYBT9EH106039,31221.73
KM8K3CA53MU610562,28310.06
JN1EV7AR5LM253778,53779.09
1C4GJWBG7GL163214,25325.54
5N1DR2MN3KC627782,23998.27
1C4PJLCB2GW302648,13057.17
JA4AP3AU4LU012369,21673.13
2T2HZMDA8LC251101,54428.11
3TMCZ5AN9LM367331,37486.37
1C6RR7LT1HS834894,31806.54
3GNKBBRA4LS729276,28298.87
5NPDH4AE4DH371778,14749.08
3GNAXHEVXLS679623,21834.65
W1W4ECHY9LT022665,54235.75
2C4RDGBG8HR687759,13831.36
5FNYF4H92AB020684,8947.28
3GNKBCRS2LS714015,38194.22
1G6DK5RKXL0152856,46007.25
1FTEW1EG6GFA47959,23109.05
YV4960DL9A2119890,8429.09
19UUB1F50GA013406,21051.28
1C4HJXFGXLW142614,44894.53
3C4PDDEGXJT464398,23651.08
1C6RR7LG1ES110749,20815.01
1G1FY6S05L4134267,37085.10
5TDBZRBH6LS520162,43912.34
1HGCR2F35HA287164,16827.27
5YFS4MCE2MP061003,28571.51
3VWDB7AJXJM262938,15244.17
1C4RJFCT3LC398675,55174.54
JN8AZ2NE4K9234087,45058.96
1FMSK7DH2LGC89269,36951.84
JTHBE1BL4D5009752,14772.07
KNMAT2MVXLP517363,26463.01
4S4BTANC3L3195714,32076.14
3N1CN8EV2LL801881,17546.62
1G1FZ6S00L4136604,36477.36
4T1F11AK0LU976138,31024.56
2T2HZMDA6LC255406,52744.61
2C3CDXHGXKH673618,28117.27
3CZRU6H59LM705597,25358.72
7FARW1H51LE016441,29924.22
3GNAXKEV0LS680566,24006.50
2GNAXHEV7L6275788,28903.45
1ZVBP8CU3D5273828,46135.82
WA1YD64B94N050534,7464.01
JM3KFBAYXL0851323,36954.57
3GNAXKEV5LS582519,22406.85
5NPD84LF9JH254070,11289.90
3HGGK5H87LM709494,19149.29
JM3KFBDM7L1841643,32480.86
1HGCV1F17LA105879,25198.00
JTHCM1D25H5021653,29817.01
3GNCJLSB0LL279720,20818.08
1GCRWCEDXLZ365157,41757.58
4JGDA7FB2HA958493,110340.88
1HGCV1F10KA093573,25460.52
2C3CDXBG5LH108039,28435.72
1FM5K7BH0HGD10031,22442.55
3VV3B7AXXKM144488,21669.88
MAJ6S3JL4LC318873,26397.09
1GTR8CEKXLZ173326,36850.38
1FMJK2AT4LEA55220,66638.40
1GYS3BKJ2KR281440,53366.83
1FTFW1RGXKFD38441,39843.02
3C4PDCAB4LT259408,23189.02
JM3KFACM1L0861517,28590.84
WBA73AK0XL7F88848,41706.66
2CNALDEW3A6344040,7463.49
1FMJU1JT6KEA36445,45228.39
JN1AZ4EH3KM420172,46244.49
1GHDX03E81D291565,3312.66
1FTSS34L68DA55016,11050.72
1C6RRFFG4LN305536,40293.64
7FARW1H82LE014191,31677.89
1C4HJXFN6LW339200,49977.54
2GNAXTEX9J6282775,25367.99
1FMSK7DH7LGC75688,35697.16
JA4MT31R91P056917,4236.99
5GAKRBKD1HJ130242,23588.50
1GKKNKLA1LZ235375,28647.82
5NPD84LF8JH235042,12398.93
JHMGD386X8S036452,6422.58
WA1DECF34L1119314,39309.91
5TDZK23C28S145732,6437.39
3VWCB7BU0LM009988,24447.37
5N1AT2MTXLC703504,19273.63
1C6RR7LG6HS870437,29426.46
YV4102DLXM1676537,49335.21
1G6DN5RK1L0122670,44184.64
5NPE24AF5HH535558,16367.21
1C4RJEAG2LC430404,41352.97
1G1ZB5ST6LF149299,23729.59
KM8J3CA42MU293506,27033.10
JN8AT2MV1HW017450,18308.30
4JGBF7BE0AA569205,14610.09
4S3GKAD69K3608226,20236.20
5TFCZ5AN7HX117586,34750.11
5N1DR2MM3KC626378,24280.60
2GCEC19V1Y1150054,7130.05
JTMRJREV9JD189741,26029.92
1FTFW1EF1CFC18977,19108.27
2HKRW1H21LH408290,27856.77
1G1YY32G245125154,27202.54
3GNCJKSB3LL327057,18805.51
5XYPG4A5XLG669130,26713.82
1GNSKSKD0MR121389,63400.23
ZACNJABB0LPL68231,21404.98
5TFUY5F15HX627626,37823.50
JN8AS5MT8AW506257,6437.99
3N1AB7AP8KY329169,15231.53
KNDCB3LC3L5375628,27195.40
JN8AZ2NC5K9460962,56460.25
KM8JUCAG3FU104758,17411.80
1FMCU9J9XLUA40601,33382.19
1N6AA1EF4LN511915,46477.50
1N4AL3AP7GC244851,14800.49
1C4NJPBB0GD761446,10931.02
3MW5R1J03L8B42026,46922.80
1FADP3K22EL285745,12051.62
1C6RR7FG7HS631426,28906.23
2HKRW2H9XLH671123,32452.82
3N1AB7AP9JY255209,14561.48
JN1BJ1CP5KW520864,16836.50
KM8J33A21HU481275,20247.71
JTHBK1EG6B2471560,12306.36
1GTU9DED6LZ319588,57100.87
1C6RR6LM3GS376390,24285.41
3GNKBGRSXKS696997,41903.19
5XYPGDA56LG618160,23607.63
1N4BL4CW3LC115479,29033.95
19XFB2F93DE258130,8606.28
3TMLU4EN0AM048075,20415.31
2GNAXKEV5L6252670,25473.41
SALVP2BG1HH199654,32104.68
4S4BSADC4H3351352,23226.40
1VWCN7A33EC113072,14017.06
2C4RDGBG8LR233732,31346.19
3MEHM08Z09R635418,7882.46
3MW5R1J00L8B18508,45923.06
1C4HJXEN8KW586069,33218.95
1C6RREMT6LN238707,48386.39
2C3CDXHG7KH581804,36138.82
7FARW2H50JE016160,24909.68
3CZRU5H33HG708235,17349.49
1C4HJXDG9LW340474,46272.30
JF2GTAPC9MH200931,26111.58
JF1GR89658L826935,16301.27
2C3CDXBG0LH208016,29963.22
1GNSKSKD0MR127211,64986.70
1G1ZB5ST6HF115483,15341.93
SALCK2FX6LH864640,44139.97
SALGS2FV0HA369592,54297.30
KL4MMFSL8LB107851,27091.31
KL7CJNSBXLB349825,18335.43
3N1AB7AP0KY299732,15640.73
1C6SRFFT9LN420955,54161.55
7JR102FL1KG002109,31665.20
2HGFC1F34HH637068,19303.83
JTEBU5JR7L5834941,41451.32
1FTEW1E44LFB63855,45876.96
JF2GTHNC2M8219025,29457.86
1FMCU9H93LUA63157,34264.40
2C4RC1BG1KR583041,25605.57
JTEBU5JR2K5671260,37478.86
1G4G45G39GF196426,19323.88
1FTYE1Y85LKB46004,50648.57
YV4A22PLXJ1193745,38994.93
JM1GL1XY7J1328891,38547.24
1FAHP2KT0FG186677,22256.55
1FMCU0GD1JUB69542,17784.95
2T1BURHEXHC958274,17043.50
1FTEW1CP5LKE77695,38090.00
KNDCM3LD9L5391092,27050.21
1FT8W3DT3FEC23491,37450.02
2C4RC1FG4LR209700,40717.73
KNDPMCAC8H7205839,15636.30
KM8J23A45MU285760,25071.87
3GNCJRSB7LL234566,26900.74
1FTER4FH1LLA35116,33407.78
5FNRL38858B067166,6488.51
1FT7W2B69KEF52063,70282.29
5LMCJ2D91HUL40401,26312.66
3FA6P0HD0LR247395,21948.72
1FT7W2BTXKEG68071,77376.42
1GTW7AFG0L1201847,42978.83
4T1BK1EB8GU224571,24521.11
1G6AX5SS2G0104305,27769.47
JN1BJ1CR9HW141957,18002.56
5XXGT4L30LG384089,17075.91
3VW5T7AU3LM000628,30393.49
WDDNG71XX8A193033,17187.89
5FNRL6H73LB042364,40390.58
4T1M11AK5LU993833,31589.88
ML32A3HJ2FH003533,10366.45
JN8AZ2NE0B9000576,17027.77
KNDPNCAC9L7835441,28493.05
1C6SRFFT1LN416494,53587.87
1G1FB3DS2L0104939,30458.95
3FA6P0CD4KR118016,18194.31
5TFLU4EN8FX113269,23512.94
KL4MMGSL5LB061899,31285.46
1GNSCBKC2HR167672,39412.01
5LMCJ2D93KUL01641,36652.34
1FT8W3BN1LED83658,45256.32
JTMF1RFV5KD011148,26008.16
2LMPJ8KP5LBL18560,58093.27
JN8AT2MT9HW130884,15971.51
2T3W1RFV6LW100201,32324.83
1FMCU0JD9HUD74450,16943.92
3GCUKSEC1FG349022,26115.43
5YFBURHE7FP215570,11771.20
JN8AT2MT3LW033690,23672.88
1GKKNKLA8LZ226026,28186.32
1FTEW1E46LKF07080,51558.83
1FATP8FF1J5119298,37013.80
KNDJ23AU7L7063822,21139.15
JTDKN3DU3F1901178,12438.57
3VWED21C22M445058,5095.82
WDDZF4JB2JA391554,36082.94
3FA6P0HD4FR188436,14819.54
1C4BJWDG5DL515449,23720.77
5UXCX6C06L9D18116,112861.05
5J6RW2H84KA018844,29384.87
1GCGTEEN5K1108022,29251.27
1HGCV1F40JA110543,22062.41
KNDJ23AU9L7731894,20393.21
5J8TC2H65ML003801,46969.44
3GNCJPSBXLL293504,24787.28
1FD7X2B69LED79719,48208.14
JM3KFADM1L0838642,29385.74
1C4HJWEG5FL526477,28561.86
3GTU9DED2LG370540,63221.17
3GCPWCED5LG414627,40694.47
KL8CH6SA5MC700110,25133.23
1C6SRFFT9LN218830,47218.95
JTHBK1GG4G2242329,25409.24
KL4MMGSL8LB040500,25141.39
5GAEVAKWXLJ187990,43722.79
1HGCP36898A006846,8196.95
JC1NFAEK7H0125784,21262.51
WA1AECF33L1115080,39337.64
1FMCU0G69LUA61304,30326.64
3FA6P0G76LR234534,29687.94
5TBBT48102S227685,5892.82
1G1BE5SM9H7178637,18395.41
1FTEW1EP5HFB19574,38089.15
3GNCJLSBXHL249681,17482.00
JTMZFREV2HJ143388,21496.55
1GCGSCENXM1123075,31997.00
1FTEW1C49LKE60324,41886.01
WBSJF0C03LCE37567,142415.19
1FM5K8GT7HGD03855,33598.65
3N1AB7AP7KY214210,16399.78
4S4BTAEC9L3240171,32552.48
4T1B61HK7JU509446,23445.20
1N4BL4CW2LC272159,28187.65
1FMJU2AT7LEA65962,60666.81
1N4AL3AP7JC261155,16013.97
1FTFW1EF3HFA17881,37590.79
3TMCZ5AN3LM314480,38491.28
JTJAARBZ1L2177115,41396.39
19XFC2F76HE027336,18381.42
5YFBURHE2JP815972,14373.80
WDC0G4KBXHF224011,35580.39
1GNSKCKJ2KR140678,56102.89
WMEFJ5DA5GK136549,18368.71
KM8J3CALXKU880718,21708.64
4T1C11AK3LU983278,31055.71
5XYPG4A52LG631987,23141.02
2LMPJ6K98LBL03587,49479.61
1J8HR68T89C546575,11505.66
3GCPWFED2LG414621,50959.33
5J6RW1H20LA013633,30983.28
KM8J3CA27JU760123,20849.83
2GTEK13C681142364,14821.82
1C6SRFFT5LN184787,44452.01
5J6RE3H3XAL027368,8942.37
3C4NJCBB8JT304782,22190.65
ZACCJBDB6HPF96321,20841.95
JF2SJAEC9HH508416,21323.82
2HGFC2F64LH515688,20311.59
3GTU9BED5LG414857,43961.38
2GNAXKEV8K6284107,22230.08
1G1PM5SC4C7236162,10953.71
1C4HJXEG9LW318781,45981.29
1NXBR32E66Z628795,7070.87
WDZPF0CD0KP116546,44805.71
2GNAXKEV8L6267681,26598.25
1GNKRGKD0HJ307978,22984.70
1FMCU0F78DUA39810,9119.16
3GCUKREC7GG220664,29677.71
JM1GL1WY5J1333394,30260.84
JN8AY2NF9K9351675,41214.10
JF2SJAGC7JH442094,23784.05
1G1ZB5ST9LF141925,21391.11
2C4RC1BG7DR780573,9796.55
1FTFW1ET9DKF89769,18492.89
3MZBM1U72GM321892,14809.13
WBAJE7C54KWD53914,45010.00
5XXGT4L39KG299329,18584.60
JN8AZ2NC4J9440720,46008.60
3FA6P0LU1KR210586,20939.88
1C6RRFFG1LN415055,43813.75
3GNAXKEV3LS717187,27762.47
4F2CY9C70AKM02979,7798.19
3FA6P0HD9LR185706,22038.56
JM1BPBAM3K1116551,26020.41
3GNAXKEV5LS731768,27921.22
4T1C11AK0LU327152,29847.86
3KPFL4A70JE195367,14808.08
19XZE4F56ME002805,29311.38
KL4CJESB6KB926071,24536.02
3HGGK5H40LM705266,18043.82
5NPEB4AC8CH356011,8129.09
1G1PC5SB9E7401023,10021.22
3VWC57BU6LM078434,25151.75
5N1DL0MN8LC518189,50530.99
JTEBU5JR5H5415199,27511.07
KL7CJLSB1LB314546,20025.54
1FMCU9J93GUA41496,17839.30
1FMSK7BH3LGC98436,36187.46
1FTYR1YM3KKA41932,39204.40
JF2SKARC0LH591363,32461.33
3C4NJDCB0HT672906,19660.20
3N1CN8EV8LL868470,17507.59
3GCPCREC0JG566783,34820.89
3C6UR5DJ9GG102448,48059.10
JA4AD3A36FZ000876,13960.78
3N1CP5CU3KL525308,18096.39
JTEZU5JR0F5101424,22556.60
1N6AD0ER6KN708370,28295.47
5TDYZ3DC7LS080946,41248.06
1N4BL4BV8LC273986,22620.25
5FNYF5H24MB004564,39435.77
7FARW1H58LE016291,30815.37
1G1BE5SM9J7219824,17501.64
5NMZWDLA2HH052243,27070.18
WP0CF2A78JL195297,101483.96
1GTG6EENXH1190586,31782.48
2GNALCEK6G6187227,15935.64
5J6RW2H25LA014668,27531.91
4JGDF6EE8HA978643,50581.07
1GNSKCKC2LR134138,70214.19
1GKS1AKC2HR115732,41347.87
2T3H1RFV8LW098461,32809.13
5FNRL6H77LB071530,39355.65
JN1BJ1CPXJW104551,17305.82
5J6RW1H92KL003623,23866.50
1G1ZD5ST7LF131274,23876.84
2T3P1RFV1LC137811,33781.20
1G1PE5SB1F7286820,9654.80
KM8J33ALXLU186693,26218.13
1C6RR7GG8LS153265,36756.42
5N1AZ2MS8KN108319,29746.54
5J6RW2H83LL032577,30440.86
4T1F11BK1LU013523,30032.56
JA4AP4AU4LU002432,20265.99
1N6BF0KY6LN809257,57576.72
2C3CDXBG3LH153612,28184.14
3CZRU6H55JG705513,18814.08
1C4RDJAG3DC580233,17154.54
MAJ6S3GL3LC371183,21227.71
3C4PDCGB8JT157890,20480.76
1FADP3F25JL291530,14199.64
5TDKZ3DCXJS906045,27416.42
JTHBK1GG8D2002454,19288.37
KM8J2CA48KU931435,18541.22
1FMJU1LT9LEA42562,71188.87
1FTEW1E51LKD31869,44497.27
KNMAT2MV6GP620091,16799.08
2HGFC1F37HH644550,19295.75
3GKALMEV6LL306168,26834.12
1FT7W2BN8LEE31212,51281.28
1FAHP2F83KG111522,20137.46
1HGCV2F36LA025366,31947.53
1FMJK1HT3LEA27229,59278.36
1HGFA165X8L059066,4449.06
3VWSF71K96M736941,4074.10
5FNYF6H09MB013359,42341.46
3GNAXKEV7LS732646,22387.06
5NPD74LF3HH185230,10373.54
3GKALVEV0LL124505,29330.57
5FNYF4H23EB016541,15285.13
3VV1B7AX7LM159491,24242.34
3CZRU5H31LG700756,22319.80
5FNYF5H36MB006924,38429.08
1C4RJFBG2LC386232,39827.90
KL4CJBSB0JB695942,18093.11
2GNALBEK9E6328198,12617.29
1HGCS1B80BA016438,7528.49
LVY992ML7JP005694,34476.66
KL4MMBS20LB114244,21537.12
1G1ZD5ST0KF106604,15950.82
1HGCR2F51GA080903,15926.27
JTDT4MCEXMJ056334,31504.92
3FA6P0HD2GR202769,16918.61
KL4CJ1SB3HB230107,17011.95
KNDPM3AC8K7554085,17651.18
JTDVPMAEXMJ130516,26059.58
1GYS4CKJ0HR123660,47692.58
1V2TR2CA9MC522289,40067.10
2GNAXXEV6L6106162,23261.85
5N1DR2BN9LC605032,28644.05
JM3KFADL4H0183908,19960.35
JA4AP3AUXBZ021031,9125.06
3GTU2NEC7HG334609,42327.77
2HGFG11657H500600,6937.47
JHMZE2H56AS011576,7191.67
WAUGMAF47LN003842,40558.00
5FNRL5H93GB044553,18165.91
1C6RR7GT6GS396401,28554.92
1FTEW1E4XLFC39031,46296.55
1GT49UEY7LF312265,61032.51
1GKKNNLS2HZ218506,24397.27
1FMJU2AT2LEA51709,65316.73
5FNRL6H77KB108722,36241.15
1FTEW1C53LFB80450,41187.76
5N1AT2MV6LC752474,27906.69
1FTEW1C49LKE39277,40414.16
1FTEW1E43LKF38643,50523.17
ZACNJBC16LPL76085,25731.27
1FMJK2AT7LEA67085,70943.36
MAJ3S2GE2LC336357,21542.53
KM8SR4HF8EU064801,14711.95
1C6SRFFT5LN413582,48254.11
2C3CDZFJ6KH642330,48984.39
1GYKNERS6LZ129530,54394.84
1C4BJWCG9HL729710,31857.84
1FM5K8D81HGB42693,28967.95
5NPE24AF6HH575647,14929.86
WBAJE7C37HG479408,43803.47
3GNAXHEV8LS727152,21834.65
3VV3B7AX3LM160436,24242.34
1G6KB5RS6LU100060,50304.18
JF2SKAJC6LH587510,28507.40
5NPD84LFXKH433669,14250.72
1FTEW1CP6LKE27467,37166.03
W1N0G8DB8LV257610,47209.78
WA1FECF30L1124163,39361.87
1FMJU1MT5LEA63651,73392.76
1GNSCBKC4HR360177,38881.29
3GNKBGRS0KS590008,40980.84
2FMPK4K91GBB03251,25354.71
2C3CDXJG2HH516071,26313.72
4S4BSAFC0J3373450,24580.45
3FA6P0HD6LR254982,21948.72
3FA6P0SU0LR258292,31233.93
WBAVL1C5XEVY10446,9887.99
1FTEW1EG8FFB18206,24296.66
4S4BTACC6L3253107,31664.61
3C63RRPL3LG219663,77076.43
5TFDY5F19LX943894,44613.11
1GNERGKW3LJ296854,37604.70
2FMPK4J9XLBA40873,33110.38
1FTEW1E41KFC04084,45411.49
1GNSCBKC0KR177267,40157.73
KM8J33A43LU261310,23416.71
3VWEB7BU1LM066208,24478.12
2GNALCEK5F1143909,13077.58
19XFC1F30LE021399,25247.04
1G1165S38FU127628,16727.89
5J6RM4H52EL074247,16527.18
5NPEH4J2XLH051485,30112.33
5TDZK3EH3CS060454,8970.32
1C3CDFBH6DD691593,10792.63
WA1LAAF77HD029286,37884.92
KM8SNDHF5EU059602,17830.91
2B3KA53H86H179186,7729.20
1FTEW1CP8LKD66882,41212.94
2T3W1RFV1LC076584,32188.91
KM8K22AA0LU579232,22630.56
2HKRM4H50FH684434,17698.80
WAU43AFD1HN014994,47910.87
3GNDA33P98S562578,6799.97
JF2SJAEC7JH444138,23695.79
KNDPM3AC5M7845856,25423.59
1GYS3BKJ6LR287128,79760.40
3MW5R1J08L8B34388,47213.51
1N4BL4CV1LC153011,26105.49
1FATP8UH7K5170651,22938.07
58AD21B19LU011975,31048.05
KNDJP3A57G7316833,13298.12
1C3CCBBB1DN579592,8385.43
3MVDMBEM7LM136798,27862.91
WBA3T3C51EJ877060,24373.44
4T1J21FB2LU019672,32039.20
KL7CJKSB6LB066126,20259.00
1FAHP2E97FG118280,10991.31
KNDJP3A58K7013424,17615.09
3C4NJDBB5LT239771,28233.21
3GCUKREC7JG570433,37604.19
3N1AB7AP3DL765797,7983.75
3MVDMBDL6LM140270,27711.46
1C4PJMBX0LD630644,31158.45
KM8J23A43KU905695,16794.37
1FTBR2XG2LKA95487,52522.67
2HGFC2E81LH554869,21369.50
1LN6L9NP8H5623937,38837.01
2GNAXUEV2L6189443,30580.90
3KPF24AD7LE262431,19145.15
19XFC2F83LE211540,22501.31
JM1DKFC73J1307990,18878.60
JTMRFREV9HJ709711,20817.34
ZFBNFYB10LP843462,26530.18
3FA6P0HD3HR342055,16399.21
5FNRL6H78LB054168,37721.06
1HGCG567X2A112183,6993.81
WDDWJ6EBXHF549966,39686.53
5UXKR0C33H0V82741,43447.02
KNDMB5C1XM6675242,35678.17
1G1FF1R72L0145455,42427.94
KM8K2CAA9LU552553,22427.53
1FTER4FH2LLA29390,35385.53
2C4RDGBG8HR550014,16523.09
1C6SRFJT5LN416246,52645.99
WA1ANAFY7L2067433,49098.74
1G6DA5RK9L0153743,35215.28
WA1B4AFY9L2029158,68291.80
1G1ZE5ST4HF119930,16694.10
5N1DR2BN9LC623451,30437.66
1G1RC6S59HU161390,16913.33
KL7CJKSB5MB307093,22291.18
3N1AB7AP6HY231220,18187.29
5TDDZ3DC1LS251429,45075.52
2T2ZK1BA3FC183126,24162.04
1FTEX1EP1HFC12315,36584.57
1GCHSBEA4M1124055,29528.29
1GNERGKW9LJ292968,36049.39
1FTEW1CP6LKF01826,45305.65
1FTEW1EF5GKF40191,18864.39
2LMPJ8K91LBL01028,49082.55
JA4AT4AA5JZ044870,20565.79
JM1NDAM78L0415143,34271.14
WBXHU7C38J5H40959,23216.12
1V2TR2CA6MC518667,39836.12
4T1BF1FK8HU302299,15217.36
1G1FB1RS7L0132099,33629.35
KNDJ23AU0M7736936,19625.54
5XXGM4A77FG503943,12181.07
1C4RJFBG4LC359534,43253.80
3VWCB7BU6LM022468,22037.84
2LMPJ8LP5HBL14501,30446.38
3FA6P0HD9LR249663,20774.54
5J8TC1H52LL021995,42793.68
2T3F1RFV1LC118204,34266.30
3FA6P0H77JR278568,16413.61
1HGCM56726A176037,3867.51
1FM5K8D83GGB73376,17385.66
3LNHL2GC2CR821378,6997.95
2GNAXHEV1L6267931,24014.29
1C4HJXDG7LW201900,45316.57
1GYKNDRS2LZ229182,52946.45
5YFS4RCE2LP015733,27187.81
5NPDH4AEXEH462250,10134.45
3GKALMEV6LL302380,29980.22
JTEBU5JR8K5736242,39993.09
2C4RC1BG1LR266670,37538.87
WAUB1GFF3G1047129,20129.16
5NPEB4AC0DH593657,11432.56
1C4RJFCT2HC692706,37723.57
1FTEW1C5XLFC00452,43734.05
1GCRYDED2LZ151702,39322.19
1VWMA7A30LC017428,25039.24
2C4RC1FG1JR198216,23107.86
1GKS2CKJ6HR339383,49034.54
1FTEW1CP1LKF15388,47711.90
1GYKPDRS5LZ152267,57888.99
1N6AD0ER8KN746053,26693.92
WBXHT3C3XH5F76801,29223.91
KL4CJASB9KB843968,19495.87
5TDYK3EH4CS078182,13530.94
4S4WX83DX74404277,6616.02
4T1E31AK1LU536239,31248.85
ZASPAKBN9L7C76891,48480.64
5J8TC1H5XLL017712,42731.19
2C4RDGCG0JR346540,14974.90
5TDJZRFH7JS822899,32344.01
3D7KS28A27G801567,17143.73
1FTEW1E48LKF09753,52281.57
YV140MTL7H2434540,30833.50
1FMCU0G64LUC21735,31297.59
1HGCV2F97KA017165,31748.77
3N1AB7AP9KY322313,15517.64
2T1KU40E59C092211,7617.95
MAJ6S3FL5KC269884,20778.09
1FAHP3HN0AW232859,5763.36
MAJ6S3GL8LC362401,22703.09
ZFBHRFAB2L6S00216,24814.66
2T3WFREV6HW396850,21902.58
58ABZ1B15KU037099,40209.68
JF2SKAGC1LH610747,29320.31
3GNAXUEV4LL313238,29719.45
5XXGT4L31LG388734,17883.49
1GB3GSCG0H1102017,40493.77
2C4RC1CG2LR129641,31836.97
1FTEW1E50JKF02947,39722.28
1N6BD0CT8JN719307,17589.11
2T2GA31U86C047978,5114.83
3GTU2VEC6FG223918,26752.36
5XYPG4A58LG692907,27868.84
KL8CB6SA8KC711326,16659.85
5FNYF5H1XMB005208,38902.10
1FTEW1E51KFA20367,36539.81
1G1FE1R74L0147162,38988.19
5FPYK3F81KB026288,37541.52
1GKS2JKJ7FR161128,33383.39
2FMHK6DT1KBA16841,29604.86
5TDGZRAH0LS510136,42082.93
2FMDK3JC1DBC73096,10588.16
LRBFXBSA5LD208684,36211.33
1FTEW1EP0HFB28067,35903.89
1GCGTCEN0M1111272,39566.49
2T3WFREV8JW468072,19029.45
WDCTG4GB6HJ318454,27748.31
MAJ6S3KL7LC358184,21622.44
YV4A22PK1G1035486,26698.56
1FMJU1HT5LEA69282,59064.50
1N4BL4CV9LC273378,25453.21
1GCGTDEN6M1107488,35630.92
5N1AZ2ASXLN165935,40640.27
1G6YV34A555603015,13924.40
5GAKRBKD7GJ174034,20356.94
5J6RW2H5XLL029102,33510.11
MAJ6S3GL2LC363074,23734.41
1G1FH3D71L0146755,48941.25
1GKKNXLS1LZ228299,46483.74
KL79MRSL8MB032175,26652.98
1FA6P8CF1L5150572,43860.56
JN8AZ2NE3K9234288,44777.80
KMHD84LF6LU099353,20301.69
5GAERBKW7KJ184103,28304.69
3GNCJKSB6LL295026,22082.85
19XFC1F38LE019397,25230.05
4S3BL616287214772,5586.90
WP0AC2A93FS183718,46288.90
5YFBURHE9KP923412,16159.92
3GNCJKSB9LL307167,19917.00
JM3KFACM6L1824795,28133.69
JN1BJ1CV8LW271928,20297.38
1FTER4FH2LLA24383,33707.79
1G11Z5S37KU129727,19969.14
KMHTG6AF4LU024616,18520.93
4T1C11AK1LU998698,31667.34
3KPFL4A71JE242678,12500.49
4T1C11AK9LU383056,31425.45
1G6DX5RK2L0134787,49976.45
1GYKPDRS4LZ127974,60293.28
1C4RJFBG5LC389514,36125.48
2FMPK4K91LBA00731,34373.37
4T3BK3BB2FU110863,24954.47
3GKALPEV5LL336070,32023.45
1C6SRFET9KN733567,45430.70
3GNCJLSBXLL279580,21991.18
JM3KFBCM3L1819415,29389.34
KM8K62AA5MU601215,21314.84
2HKRM4H59GH680142,19691.56
1C4PJMDX9LD641395,37150.40
1HGCV1F42LA112944,27865.72
4T1C31AK8LU017065,30982.89
5J8YD4H3XLL041933,51411.21
1J4FA49S11P314231,8668.11
3C4PDCGG8KT783016,19331.62
5XYPHDA1XHG278366,28259.39
19UUA9F22AA008920,10840.05
KM8J33A46HU452548,16935.58
3FA6P0HD8HR247961,13828.22
5N1DL0MN7LC537090,49890.60
LVY982AK7JP020176,22225.83
1C4HJXDN1KW588621,34775.19
2FMGK5D80JBA09766,22666.78
1C6RR7PT9JS203441,45267.66
1HGFA16579L029069,7025.39
W1W4EBVY8LT030464,54860.92
3FA6P0HD7LR145625,24193.93
LRBFXCSAXLD033547,35681.83
3N1CN8DVXLL901955,17808.84
5XYZT3LB6JG531373,16376.57
KMHD74LF9LU105987,20919.52
2C4RDGBG9LR184069,29647.09
LRBFX2SA2LD178852,37159.11
JF1GV7E68EG003500,12580.60
2FMPK4J93GBC65240,24469.61
2C4RC1BG3LR223531,43856.97
W1W4EBHY6LT030054,53214.66
JM1DKBD70G0116095,15192.35
2GCVKMEC9K1167202,36129.91
WBA7E2C54HG740525,44470.49
5XXGW4L28HG125078,20118.79
3G1BE6SM0JS641844,19677.83
3PCAJ5M10LF117245,45212.88
5FRYD3H59HB014046,30040.82
5TFCZ5AN8JX164146,36804.67
19XFB2F87DE273625,10564.50
2HGFG3B55CH514217,9876.17
5FNRL6H71LB066789,39659.36
3N1CN8DV6LL905548,17481.20
1G1ZB5ST9LF156375,22626.78
5GAKVCKD1HJ322469,25865.37
5FNYF5H58MB006215,38627.63
WDDGF8BB3AF424044,8806.77
1GKS2DKL8MR104825,81288.95
WBA73AK0XL7F94505,41415.59
19XFC2F86LE208776,21688.68
1FTEW1CP7LKE40499,39285.16
5FPYK3F59KB028683,35571.03
MAJ3S2GE0LC348054,20130.36
3KPF24AD5LE204933,19835.46
4T3D6RFV7LU002349,33458.41
1HGCV3F96LA011901,30220.13
5NPD84LF3KH428930,14042.55
3N1CN7APXKL835034,13177.27
1N4AL2AP8AN557946,8587.66
JF2GTADC0JH337482,23233.85
SADCL2GX6LA628523,58823.39
1G8AJ55F06Z206770,4589.13
5S3ET13S182801515,8605.76
KNMAT2MT6JP604768,20458.34
NM0LS7E25L1472457,30370.56
WA1LAAF7XHD016631,30973.35
KMHD04LB6LU068950,25247.06
JTDKBRFU0G3013194,12739.15
MAJ6S3KL3LC341110,22603.47
5NPD84LF6KH413743,14316.44
3LNDL2L33CR820311,11900.80
JN8AT2MT7JW456351,18894.72
JF2SH63669H755576,8708.82
1FADP3F20EL252091,10266.84
1G1ZD5ST1KF213015,24333.65
3LN6L5LU1HR600918,19428.69
1C6RR7VT2FS585113,25836.05
ZARFANBN9K7611545,41145.01
SALYK2EX2LA275813,51285.47
KMHDU4AD3AU977587,6440.57
2G4GN5EX0E9223327,13386.09
JTEBU5JR3H5423480,33816.65
1FMCU0G66LUB89256,31240.61
5J8TC2H58ML004979,45621.15
1GYKNGRS2LZ228812,52374.12
3C4PDCAB7LT218917,22335.40
3GKALPEV9LL324326,33437.44
1GCVKREH2HZ393655,31306.31
1GCPKPEX0AZ181282,10211.54
1C4RJFBG9EC150745,19301.73
1C6SRFJT4KN528597,37133.14
WVGBV7AX0HK017388,24239.39
4T1B11HK0KU719807,22338.35
3VW6T7AU4LM003736,28598.79
1FTKR1ED5APA15764,10217.07
1N4AL3AP6FC448149,14275.02
5N1AT2MT6JC720412,21224.35
3C4PDCBBXGT108206,10740.11
MAJ3S2GE3LC342376,23265.64
1N6AD0ER2KN730219,25082.85
1FTEW1E43LFC33619,51047.50
WBXJG9C08L3L81781,38757.32
1FM5K8D86HGC13063,29409.32
JF1VA1A60J9802322,24856.29
KL7CJLSB5KB818631,16648.75
JN8AT2MV2LW119655,29670.48
1FTEW1EP1JFC83023,39411.75
3GTEK23359G259822,11533.50
1FADP3F26JL301854,15227.99
1C4HJXFG2LW333959,44259.22
2HGFC2F81LH563683,22361.90
1FADP3F25JL329046,13235.53
3GNKBBRA4LS555130,28770.26
1C4HJXDN0LW267137,44534.13
2G1WA5E38C1158000,8868.14
1FTEW1E49LKE95071,51558.83
1FTEW1CF8HFB05985,32543.18
1G1BE5SM4H7266088,18189.23
3C4NJDCBXJT365331,21849.56
KMHH35LE0KU098761,13655.47
KM8J3CA44LU133545,27265.39
3N1CC11E39L468389,5661.39
KNMAT2MV3HP599976,20359.50
2HKRM3H70FH545156,15608.84
3GYFK66N45G116132,11651.33
1C6SRFJT5LN347624,54401.02
YV4A22RL5L1589100,60353.17
1GC5YME7XLF321461,57635.50
2GNAXUEV4K6112345,23027.26
3GCUYDET7LG444044,49020.90
19XFB2F58CE008636,7527.17
5NPE24AF4JH601703,16544.05
JTHBJ46G282216349,9421.27
3GTP9AEH0LG434590,38327.68
3GKALPEV9KL174037,19800.32
7FARW2H56JE019189,28327.31
1J4FF28B49D211535,6589.26
3C4NJCBBXMT505121,26456.31
1V26E2CA5LC212812,39421.79
1GCFH154691131896,10377.92
3VV3B7AX9JM069197,22089.89
3KPF34AD6LE153536,20779.03
WDBTJ56J46F198481,7850.05
19XFC2F5XJE207651,16332.58
1C6JJTBG9LL138949,52406.04
JTDS4MCE1MJ055830,31062.25
1GT49RE72LF323467,60879.44
3KPF24AD5LE251816,19828.60
3C4NJDBB8KT713579,26963.70
5J8YD3H88LL007902,50383.33
3FA6P0MU7KR123645,21437.33
1FMJK1G54CEF13826,15292.44
5YFBURHE0KP931611,16123.57
1FTEW1C48LFB97784,42615.16
JTJHF10U220260555,4477.78
2HGFB2F53DH545955,11194.74
1C4PJLLB4LD624407,25011.45
1GTG6FEN8M1120763,40083.69
WDDHF8HB6AA231590,10075.21
1G1ZH5SX1HF188780,22151.46
1D7RV1GP5BS652109,15568.33
1G1BC5SM6H7144984,18346.94
WBXYH9C03L5R77266,40236.35
1C6RRFFG4KN799234,36237.15
1FTEW1E44LKD86114,46299.19
1GYS4NKJ3FR649029,33608.11
